{"initial_reset_timestamp": 1653056157.2800474, "timestamps": [1653056162.1084886, 1653056163.098158, 1653056163.9474413], "episode_lengths": [61, 60, 51], "episode_rewards": [-139.18939548066123, -139.2968711755114, -119.36800082154872], "episode_types": ["t", "t", "t", "t", "t"]}