{"initial_reset_timestamp": 1653056156.9547896, "timestamps": [1653056158.5804875, 1653056159.9972336, 1653056162.081032, 1653056163.0981457, 1653056163.9474294], "episode_lengths": [67, 80, 61, 60, 51], "episode_rewards": [-201.51860185494928, -118.97337210246158, -139.18939548066123, -139.2968711755114, -119.36800082154872], "episode_types": ["t", "t", "t", "t", "t", "t", "t", "t", "t", "t", "t", "t", "t", "t", "t"]}