{"initial_reset_timestamp": 1653072143.1078618, "timestamps": [1653072144.8229675, 1653072146.3054929, 1653072148.4245741, 1653072149.8584583, 1653072151.258864], "episode_lengths": [67, 80, 59, 85, 84], "episode_rewards": [-201.51860185494928, -118.97337210246158, -455.0425400942353, -466.08696146369357, -380.166818737062], "episode_types": ["t", "t", "t", "t", "t", "t", "t", "t", "t", "t", "t", "t", "t", "t", "t"]}