{"initial_reset_timestamp": 1653072143.4848297, "timestamps": [1653072148.4527667, 1653072149.8584776, 1653072151.2588813], "episode_lengths": [59, 85, 84], "episode_rewards": [-455.0425400942353, -466.08696146369357, -380.166818737062], "episode_types": ["t", "t", "t", "t", "t"]}