{"initial_reset_timestamp": 1652888169.015953, "timestamps": [1652888527.490841, 1652888529.2091644, 1652888533.5740836, 1652888535.5449214, 1652888537.3410566, 1652888541.2102883, 1652888544.9587493, 1652888547.7262237, 1652888552.8056564, 1652888556.8444216, 1652888560.0201268, 1652888563.3929484, 1652888569.5552676, 1652888574.1791756, 1652888590.8476174, 1652888594.178314, 1652888627.6123624, 1652888644.5045621, 1652888653.6127682, 1652888670.3654275, 1652888686.3617055, 1652888697.2766817, 1652888714.1531818, 1652888722.0511434, 1652888729.633565, 1652888740.4561062, 1652888752.074103, 1652888764.6323593, 1652888781.9077187, 1652888798.9681423, 1652888816.072732, 1652888820.1090298, 1652888831.423894, 1652888840.3866818, 1652888857.3565395, 1652888865.9245188, 1652888883.0062215, 1652888891.149102, 1652888898.778415, 1652888913.942309, 1652888931.2645197, 1652888947.8619688, 1652888963.5066922, 1652888980.7294347, 1652888995.6444366, 1652889011.6656218, 1652889022.8257873, 1652889040.0160093, 1652889053.9892452, 1652889071.122289, 1652889081.4634347, 1652889098.8891468, 1652889113.450133, 1652889130.402318, 1652889148.154827, 1652889165.6108954, 1652889182.8882942, 1652889200.075746, 1652889217.6917768, 1652889235.1089785, 1652889252.007877, 1652889269.326109, 1652889286.4490478, 1652889303.9308765, 1652889321.0864139, 1652889338.6660206, 1652889355.801569, 1652889373.3045866, 1652889391.284986, 1652889408.1973403, 1652889425.7029092, 1652889443.1697505, 1652889460.7164862, 1652889478.956021, 1652889496.3243399, 1652889514.158258, 1652889531.7795684, 1652889549.341967, 1652889566.3011427, 1652889583.795757, 1652889601.6106596, 1652889619.2479916, 1652889637.2466183, 1652889655.2155004, 1652889672.4150462, 1652889689.7794182, 1652889706.4706008, 1652889723.6582942, 1652889741.136817, 1652889758.5508795, 1652889776.6094928, 1652889794.713806, 1652889812.8733134, 1652889830.793842, 1652889848.7300618, 1652889866.2742503, 1652889883.2612314, 1652889900.9448323, 1652889918.6959772, 1652889936.8918405, 1652889954.777991, 1652889972.0352805, 1652889989.5351846, 1652890007.0943456, 1652890024.2345402, 1652890041.2539783, 1652890058.7284794, 1652890076.117836, 1652890093.3606741, 1652890110.7108674, 1652890128.7681742, 1652890146.6198506, 1652890164.3799033, 1652890182.0430784, 1652890199.85305, 1652890217.1778092, 1652890235.0123343, 1652890252.979098, 1652890270.862773, 1652890288.737683, 1652890306.4441833, 1652890324.0987675, 1652890342.2036664, 1652890359.8861651, 1652890377.2509935, 1652890394.7338824, 1652890412.11072, 1652890429.775983, 1652890447.8457541, 1652890466.3779118, 1652890484.5098135, 1652890502.1399632, 1652890519.5285997, 1652890537.4307797, 1652890555.364408, 1652890573.6551552, 1652890592.5224154, 1652890609.8105674, 1652890627.740676, 1652890645.661452, 1652890662.7292082, 1652890679.9245691, 1652890697.1028397, 1652890730.959174, 1652890748.8558104, 1652890766.3558564, 1652890783.3845751, 1652890800.3117256, 1652890817.4488077, 1652890834.6187015, 1652890852.279681, 1652890869.8452916, 1652890887.34061, 1652890904.2648852, 1652890921.3696597, 1652890938.6623979, 1652890956.016844, 1652890973.0729802, 1652890990.3775043, 1652891007.4783146, 1652891024.7426322, 1652891041.970257, 1652891058.8026245, 1652891075.9620728, 1652891093.1076336, 1652891110.097279, 1652891127.3649716, 1652891144.4695976, 1652891162.2058704, 1652891179.9963307, 1652891197.641602, 1652891214.9474757, 1652891232.386056, 1652891249.7361286, 1652891267.2900712, 1652891284.7379265, 1652891302.2419586, 1652891319.2727952, 1652891337.090209, 1652891354.9393895, 1652891372.928434, 1652891390.832514, 1652891408.1552153, 1652891426.671055, 1652891444.7126207, 1652891461.5547278, 1652891478.6254175, 1652891495.6092894, 1652891512.642438, 1652891529.6765575, 1652891546.51102, 1652891563.47766, 1652891581.2435167, 1652891598.355232, 1652891616.1710865, 1652891633.829598, 1652891652.0874982, 1652891669.5411007, 1652891688.0585473, 1652891706.485735, 1652891724.2765503, 1652891742.0286322, 1652891760.5775318, 1652891778.5997572, 1652891796.7580092, 1652891815.26551, 1652891833.1862566, 1652891851.0678751, 1652891868.9577901, 1652891889.0569453, 1652891909.5039496, 1652891927.4255445, 1652891945.8450658, 1652891965.4711313, 1652891984.7559352, 1652892005.2745316, 1652892022.7504258, 1652892039.8951025, 1652892057.4220726, 1652892077.0650935, 1652892097.643515, 1652892117.8300757, 1652892138.6159344, 1652892157.0849133, 1652892175.8991795, 1652892194.9810522, 1652892214.6675897, 1652892235.239224, 1652892255.8521574, 1652892276.090145, 1652892298.4750772, 1652892318.928008, 1652892337.4928963, 1652892355.625935, 1652892374.532964, 1652892391.9455187, 1652892409.1277697, 1652892426.5085366, 1652892446.1300268, 1652892464.198299, 1652892481.89868, 1652892500.506667, 1652892522.5204306, 1652892544.9715545, 1652892567.0886836, 1652892588.9015188, 1652892610.845507, 1652892630.6954198, 1652892652.7516618, 1652892675.4334676, 1652892697.5509334, 1652892720.9446504, 1652892744.0266585, 1652892767.6260514, 1652892789.6524463, 1652892812.0991633, 1652892833.369925, 1652892856.7039616, 1652892884.3040311, 1652892908.8321369, 1652892931.9371257, 1652892955.2329602, 1652892961.0628052, 1652892987.0929928, 1652893010.745205, 1652893033.222402, 1652893056.514449, 1652893079.3919098, 1652893100.3406067, 1652893123.90876, 1652893145.625861, 1652893169.650782, 1652893193.3551445, 1652893218.4695098, 1652893241.8306935, 1652893265.4240253, 1652893288.9830856, 1652893311.9860733, 1652893321.1999125, 1652893325.8339596, 1652893350.3376348, 1652893373.634766, 1652893378.3311207, 1652893390.4745374, 1652893417.521337, 1652893443.4106758, 1652893470.0610986, 1652893495.1094618, 1652893503.8806672, 1652893529.799559, 1652893556.6818078, 1652893563.636568, 1652893588.6695504, 1652893611.361376, 1652893615.163548, 1652893622.4248195, 1652893644.312427, 1652893649.8074508, 1652893676.8888466, 1652893681.0492628], "episode_lengths": [177, 103, 262, 118, 108, 232, 225, 166, 305, 242, 191, 202, 370, 277, 1000, 200, 1000, 1000, 533, 1000, 950, 644, 1000, 466, 451, 631, 663, 729, 1000, 1000, 1000, 241, 661, 523, 1000, 503, 1000, 481, 443, 875, 1000, 964, 893, 973, 861, 944, 641, 1000, 797, 1000, 589, 1000, 840, 1000, 1000, 1000, 1000, 1000, 1000, 1000, 1000, 1000, 1000, 1000, 1000, 1000, 1000, 1000, 1000, 1000, 1000, 1000, 1000, 1000, 1000, 1000, 1000, 1000, 1000, 1000, 1000, 1000, 1000, 1000, 1000, 1000, 973, 1000, 1000, 1000, 1000, 1000, 1000, 1000, 1000, 1000, 1000, 1000, 1000, 1000, 1000, 1000, 1000, 1000, 1000, 1000, 1000, 1000, 1000, 1000, 1000, 1000, 1000, 1000, 1000, 1000, 1000, 1000, 1000, 1000, 1000, 1000, 1000, 1000, 1000, 1000, 1000, 1000, 1000, 1000, 1000, 1000, 1000, 1000, 1000, 1000, 1000, 1000, 1000, 1000, 1000, 1000, 1000, 1000, 1000, 1000, 1000, 1000, 1000, 1000, 1000, 1000, 1000, 1000, 1000, 1000, 1000, 1000, 1000, 1000, 1000, 1000, 1000, 1000, 1000, 1000, 1000, 1000, 1000, 1000, 1000, 1000, 1000, 1000, 1000, 1000, 1000, 1000, 1000, 1000, 1000, 1000, 1000, 1000, 1000, 1000, 1000, 1000, 1000, 1000, 1000, 1000, 1000, 1000, 1000, 1000, 1000, 1000, 1000, 1000, 1000, 1000, 1000, 1000, 1000, 1000, 1000, 1000, 1000, 1000, 1000, 1000, 1000, 1000, 1000, 1000, 1000, 1000, 1000, 1000, 1000, 1000, 1000, 1000, 1000, 1000, 1000, 1000, 1000, 1000, 1000, 1000, 1000, 1000, 1000, 1000, 1000, 1000, 991, 1000, 1000, 1000, 1000, 1000, 1000, 1000, 928, 855, 1000, 1000, 1000, 1000, 1000, 1000, 1000, 1000, 1000, 1000, 1000, 1000, 1000, 1000, 251, 1000, 891, 1000, 1000, 1000, 895, 1000, 930, 1000, 1000, 1000, 1000, 1000, 1000, 1000, 385, 208, 1000, 1000, 205, 473, 1000, 1000, 1000, 1000, 356, 1000, 1000, 189, 1000, 1000, 176, 340, 1000, 258, 1000, 174],