{"initial_reset_timestamp": 1653056357.8300955, "timestamps": [1653056359.4572375, 1653056360.8739228, 1653056362.8740745, 1653056364.275695, 1653056365.226072], "episode_lengths": [67, 80, 59, 83, 57], "episode_rewards": [-201.51860185494928, -118.97337210246158, -534.3845533516409, -780.9298049768998, -479.0169612141459], "episode_types": ["t", "t", "t", "t", "t", "t", "t", "t", "t", "t", "t", "t", "t", "t", "t"]}