{"initial_reset_timestamp": 1653056358.1551316, "timestamps": [1653056362.89757, 1653056364.275715, 1653056365.2260857], "episode_lengths": [59, 83, 57], "episode_rewards": [-534.3845533516409, -780.9298049768998, -479.0169612141459], "episode_types": ["t", "t", "t", "t", "t"]}