{"initial_reset_timestamp": 1653582677.4526005, "timestamps": [1653582682.3036015, 1653582683.758313, 1653582684.7423646], "episode_lengths": [62, 88, 59], "episode_rewards": [-114.81600417755567, -140.46154617623972, -121.29917199388862], "episode_types": ["t", "t", "t", "t", "t"]}