{"initial_reset_timestamp": 1653582677.1054509, "timestamps": [1653582678.7573612, 1653582680.174014, 1653582682.2755408, 1653582683.758301, 1653582684.7423456], "episode_lengths": [67, 80, 62, 88, 59], "episode_rewards": [-201.51860185494928, -118.97337210246158, -114.81600417755567, -140.46154617623972, -121.29917199388862], "episode_types": ["t", "t", "t", "t", "t", "t", "t", "t", "t", "t", "t", "t", "t", "t", "t"]}