{"initial_reset_timestamp": 1653584127.0963688, "timestamps": [1653584160.0062373, 1653584162.3048153, 1653584163.5050926, 1653584165.3866038, 1653584166.3857305, 1653584168.3227909, 1653584169.3558753, 1653584173.0549083, 1653584174.5893755, 1653584176.0863516, 1653584177.5398583, 1653584178.8392878, 1653584179.823211, 1653584181.0395727, 1653584182.6402416, 1653584184.141016, 1653584185.6229088, 1653584187.4901435, 1653584189.2070906, 1653584191.2074413, 1653584192.507388, 1653584195.3064585, 1653584196.474838, 1653584198.789522, 1653584200.1906765, 1653584201.257926, 1653584202.8212051, 1653584204.1229858, 1653584205.5248275, 1653584206.992641], "episode_lengths": [65, 136, 72, 113, 60, 116, 62, 108, 91, 90, 87, 78, 59, 73, 96, 90, 89, 112, 103, 120, 78, 82, 70, 139, 84, 64, 94, 78, 84, 88], "episode_rewards": [-181.63400485190846, -290.87489578084393, -84.07930005668328, -186.35353102371042, -63.05984699985149, -101.14383617898167, -134.76064809570667, -324.3941721833039, -155.42764401734357, -104.77385738829699, -279.48871288718686, -284.7422593994499, -68.89380929648013, -70.8041756037519, -127.05659291670739, -174.53640076914908, -91.78139190031402, -286.3069505411243, -205.10728408507717, -78.30987510358239, -180.29476392395242, -112.15235390424215, -71.32348703992338, -198.8088257330117, -100.34935413901002, -83.29122235584512, -303.7511645884315, -25.45500319170111, -180.83381169034277, -66.18558881157236], "episode_types": ["t", "t", "t", "t", "t", "t", "t", "t", "t", "t", "t", "t", "t", "t", "t", "t", "t", "t", "t", "t", "t", "t", "t", "t", "t", "t", "t", "t", "t", "t", "t", "t", "t", "t", "t", "t", "t", "t", "t", "t", "t", "t", "t", "t", "t", "t", "t", "t", "t", "t"]}