{"initial_reset_timestamp": 1653584126.7517216, "timestamps": [1653584128.4117558, 1653584129.8290005, 1653584132.3285432, 1653584133.9627542, 1653584135.3635275, 1653584137.36319, 1653584139.2628057, 1653584140.530009, 1653584141.7968552, 1653584143.4636264, 1653584144.8133936, 1653584146.2537465, 1653584148.1040971, 1653584149.5043502, 1653584151.0214403, 1653584152.637643, 1653584153.904985, 1653584155.7215598, 1653584156.9714694, 1653584158.9222894, 1653584160.0062237, 1653584162.3048046, 1653584163.50508, 1653584165.3865943, 1653584166.3857195, 1653584168.3227775, 1653584169.355862, 1653584173.0548973, 1653584174.589361, 1653584176.0863414, 1653584177.5398486, 1653584178.8392766, 1653584179.8231976, 1653584181.0395594, 1653584182.6402287, 1653584184.1410017, 1653584185.6228948, 1653584187.49013, 1653584189.207078, 1653584191.2074285, 1653584192.5073745, 1653584195.288804, 1653584196.4748247, 1653584198.7895095, 1653584200.1906636, 1653584201.2579114, 1653584202.8211942, 1653584204.122977, 1653584205.5248148, 1653584206.9926276], "episode_lengths": [67, 80, 74, 97, 84, 120, 114, 76, 72, 99, 81, 82, 111, 84, 91, 97, 76, 109, 75, 117, 65, 136, 72, 113, 60, 116, 62, 108, 91, 90, 87, 78, 59, 73, 96, 90, 89, 112, 103, 120, 78, 82, 70, 139, 84, 64, 94, 78, 84, 88], "episode_rewards": [-201.51860185494928, -118.97337210246158, -112.39400793778736, -76.93933190154851, -84.25109353548152, -123.6597862257357, -74.63659273977703, -82.87218087822393, -72.20163529512593, -215.7303015891185, -85.51384845361838, -277.21350995963434, -175.8099403304587, -392.527928033096, -156.24616463139947, -335.2650287794793, -117.04286254117429, -195.17910985155754, -114.90696752742022, -115.31810533138784, -181.63400485190846, -290.87489578084393, -84.07930005668328, -186.35353102371042, -63.05984699985149, -101.14383617898167, -134.76064809570667, -324.3941721833039, -155.42764401734357, -104.77385738829699, -279.48871288718686, -284.7422593994499, -68.89380929648013, -70.8041756037519, -127.05659291670739, -174.53640076914908, -91.78139190031402, -286.3069505411243, -205.10728408507717, -78.30987510358239, -180.29476392395242, -112.15235390424215, -71.32348703992338, -198.8088257330117, -100.34935413901002, -83.29122235584512, -303.7511645884315, -25.45500319170111, -180.83381169034277, -66.18558881157236], "episode_types": ["t", "t", "t", "t", "t", "t", "t", "t", "t", "t", "t", "t", "t", "t", "t", "t", "t", "t", "t", "t", "t", "t", "t", "t", "t", "t", "t", "t", "t", "t", "t", "t", "t", "t", "t", "t", "t", "t", "t", "t", "t", "t", "t", "t", "t", "t", "t", "t", "t", "t", "t", "t", "t", "t", "t", "t", "t", "t", "t", "t", "t", "t", "t", "t", "t", "t", "t", "t", "t", "t", "t", "t", "t", "t", "t", "t", "t", "t", "t", "t", "t", "t", "t", "t", "t", "t", "t", "t", "t", "t", "t", "t", "t", "t", "t", "t", "t", "t", "t", "t", "t", "t", "t", "t", "t", "t", "t", "t", "t", "t", "t", "t", "t", "t", "t", "t", "t", "t", "t", "t", "t", "t", "t", "t", "t", "t", "t", "t", "t", "t", "t", "t", "t", "t", "t", "t", "t", "t", "t", "t", "t", "t", "t", "t", "t", "t", "t", "t", "t", "t"]}