{"initial_reset_timestamp": 1653832440.7105994, "timestamps": [1653832446.550202, 1653832448.7304528, 1653832450.2144952], "episode_lengths": [89, 130, 89], "episode_rewards": [-307.46787135864906, -224.57574044055025, -216.35981931898507], "episode_types": ["t", "t", "t", "t", "t"]}