{"initial_reset_timestamp": 1653832440.1912396, "timestamps": [1653832442.02885, 1653832443.4785213, 1653832446.525362, 1653832448.7304394, 1653832450.2144816], "episode_lengths": [67, 80, 89, 130, 89], "episode_rewards": [-201.51860185494928, -118.97337210246158, -307.46787135864906, -224.57574044055025, -216.35981931898507], "episode_types": ["t", "t", "t", "t", "t", "t", "t", "t", "t", "t", "t", "t", "t", "t", "t"]}