{"initial_reset_timestamp": 1652717785.1268616, "timestamps": [1652717789.0245695, 1652717790.4409668, 1652717792.9083679, 1652717794.5417795, 1652717795.942438, 1652717797.9420712, 1652717799.8410757, 1652717801.1087477, 1652717802.392305, 1652717804.0589647, 1652717805.4091048, 1652717806.9162087, 1652717808.7501235, 1652717810.0668383, 1652717811.6165876, 1652717813.4667637, 1652717815.0311606, 1652717816.3179817, 1652717817.7837417, 1652717819.7631605, 1652717821.7503097, 1652717824.1020448, 1652717825.2834978, 1652717826.383447, 1652717827.3836012, 1652717828.249999, 1652717829.6027272, 1652717832.3851655, 1652717833.535789, 1652717834.4036508, 1652717835.3024337, 1652717836.4524357, 1652717837.4848375, 1652717838.435882, 1652717839.4659603, 1652717841.285001, 1652717842.419434, 1652717844.049528, 1652717845.7189145, 1652717846.9995995, 1652717850.468994, 1652717854.886312, 1652717856.8854454, 1652717858.0204372, 1652717859.170955, 1652717860.9724326, 1652717862.654235, 1652717864.1213348, 1652717865.85462, 1652717867.485129], "episode_lengths": [67, 80, 74, 97, 84, 120, 114, 76, 72, 99, 81, 82, 110, 79, 93, 111, 94, 77, 88, 119, 119, 138, 71, 66, 60, 52, 81, 80, 67, 52, 54, 69, 62, 57, 62, 109, 68, 98, 100, 77, 208, 132, 119, 68, 69, 108, 101, 88, 104, 98], "episode_rewards": [-201.51860185494928, -118.97337210246158, -112.39400793778736, -76.93933190154851, -84.25109353548152, -123.6597862257357, -74.63659273977703, -82.87218087822393, -72.19548141184737, -215.7303015891185, -85.51384845361838, -277.21350995963434, -284.03060198296924, -305.5443525405545, -101.70513964826785, -469.6888369914789, -99.12660959435783, -50.38175062875706, -132.11245965297957, -181.4231254813236, -433.0493184373869, -885.2035384942391, -517.1412548155411, -464.70057992254624, -451.4322239675117, -325.94471440283985, -802.5378697283868, -714.6307030751254, -515.851213674892, -455.56692035623666, -482.2077511287508, -518.1299822088541, -583.6216623727844, -567.1032763974416, -631.4868847360674, -530.4709306520069, -661.320153370964, -645.9861253079097, -498.30245087416193, -336.45749794056474, -1870.6803651676737, -1167.2336841865977, -745.3932978510776, -567.808971940954, -608.089421087068, -769.5684574881585, -722.9094813971824, -591.5160222975419, -638.6884078211219, -575.2582165413652], "episode_types": ["t", "t", "t", "t", "t", "t", "t", "t", "t", "t", "t", "t", "t", "t", "t", "t", "t", "t", "t", "t", "t", "t", "t", "t", "t", "t", "t", "t", "t", "t", "t", "t", "t", "t", "t", "t", "t", "t", "t", "t", "t", "t", "t", "t", "t", "t", "t", "t", "t", "t", "t", "t", "t", "t", "t", "t", "t", "t", "t", "t", "t", "t", "t", "t", "t", "t", "t", "t", "t", "t", "t", "t", "t", "t", "t", "t", "t", "t", "t", "t", "t", "t", "t", "t", "t", "t", "t", "t", "t", "t", "t", "t", "t", "t", "t", "t", "t", "t", "t", "t", "t", "t", "t", "t", "t", "t", "t", "t", "t", "t", "t", "t", "t", "t", "t", "t", "t", "t", "t", "t", "t", "t", "t", "t", "t", "t", "t", "t", "t", "t", "t", "t", "t", "t", "t", "t", "t", "t", "t", "t", "t", "t", "t", "t", "t", "t", "t", "t", "t", "t"]}