{"initial_reset_timestamp": 1652717787.7139587, "timestamps": [1652717821.750323, 1652717824.1020558, 1652717825.2835102, 1652717826.3834603, 1652717827.3836155, 1652717828.2500124, 1652717829.6027415, 1652717832.3851802, 1652717833.5358036, 1652717834.403664, 1652717835.3024476, 1652717836.4524488, 1652717837.4848485, 1652717838.4358962, 1652717839.4659686, 1652717841.2850122, 1652717842.419449, 1652717844.0495362, 1652717845.718924, 1652717846.9996104, 1652717850.4690049, 1652717854.903589, 1652717856.8854563, 1652717858.0204504, 1652717859.1709683, 1652717860.972444, 1652717862.654248, 1652717864.1213481, 1652717865.8546338, 1652717867.4851437], "episode_lengths": [119, 138, 71, 66, 60, 52, 81, 80, 67, 52, 54, 69, 62, 57, 62, 109, 68, 98, 100, 77, 208, 132, 119, 68, 69, 108, 101, 88, 104, 98], "episode_rewards": [-433.0493184373869, -885.2035384942391, -517.1412548155411, -464.70057992254624, -451.4322239675117, -325.94471440283985, -802.5378697283868, -714.6307030751254, -515.851213674892, -455.56692035623666, -482.2077511287508, -518.1299822088541, -583.6216623727844, -567.1032763974416, -631.4868847360674, -530.4709306520069, -661.320153370964, -645.9861253079097, -498.30245087416193, -336.45749794056474, -1870.6803651676737, -1167.2336841865977, -745.3932978510776, -567.808971940954, -608.089421087068, -769.5684574881585, -722.9094813971824, -591.5160222975419, -638.6884078211219, -575.2582165413652], "episode_types": ["t", "t", "t", "t", "t", "t", "t", "t", "t", "t", "t", "t", "t", "t", "t", "t", "t", "t", "t", "t", "t", "t", "t", "t", "t", "t", "t", "t", "t", "t", "t", "t", "t", "t", "t", "t", "t", "t", "t", "t", "t", "t", "t", "t", "t", "t", "t", "t", "t", "t"]}