{"initial_reset_timestamp": 1653583961.4478307, "timestamps": [1653583963.102514, 1653583964.5363271, 1653583967.019181, 1653583968.6536934, 1653583970.0543623, 1653583972.0540452, 1653583973.953902, 1653583975.2207813, 1653583976.5039575, 1653583978.1712694, 1653583979.5204973, 1653583980.9790378], "episode_lengths": [67, 80, 74, 97, 84, 120, 114, 76, 72, 99, 81, 83], "episode_rewards": [-201.51860185494928, -118.97337210246158, -112.39400793778736, -76.93933190154851, -84.25109353548152, -123.6597862257357, -74.63659273977703, -82.87218087822393, -67.77134686794233, -176.77262202416532, -85.51384845361838, -289.27653567813775], "episode_types": ["t", "t", "t", "t", "t", "t", "t", "t", "t", "t", "t", "t", "t", "t", "t", "t", "t", "t", "t", "t", "t", "t", "t", "t", "t", "t", "t", "t", "t", "t", "t", "t", "t", "t", "t", "t", "t", "t", "t"]}