{"initial_reset_timestamp": 1652755550.681709, "timestamps": [1652755891.159475, 1652755892.976945, 1652755894.960916, 1652755897.5098774, 1652755901.3965673, 1652755903.864931, 1652755907.7354286, 1652755911.7986453, 1652755915.5475254, 1652755919.7978778, 1652755924.9452927, 1652755936.567313, 1652755941.8299673, 1652755950.4005115, 1652755955.6538982, 1652755958.8018422, 1652755969.402002, 1652755977.0826287, 1652755983.8982456, 1652755997.8827512, 1652756001.7368057, 1652756012.8176625, 1652756029.6673536, 1652756046.455856, 1652756058.1856744, 1652756074.9458606, 1652756077.8239832, 1652756080.4714215, 1652756082.1710572, 1652756098.889005, 1652756100.44458, 1652756103.4742033, 1652756105.9888492, 1652756113.6038976, 1652756117.6593735, 1652756119.2063982, 1652756126.9982653, 1652756131.5480812, 1652756133.157648, 1652756137.325746, 1652756142.8950055, 1652756145.6947296, 1652756147.3132622, 1652756149.527792, 1652756152.7917025, 1652756155.7617993, 1652756161.0467703, 1652756165.7963967, 1652756171.1297038, 1652756179.4816484, 1652756189.6516702, 1652756193.2769277, 1652756210.0610936, 1652756215.3442552, 1652756232.1481729, 1652756248.9983637, 1652756252.700725, 1652756269.5825603, 1652756286.2993026, 1652756290.9908922, 1652756295.400891, 1652756296.6331708, 1652756301.3632636, 1652756304.9849584, 1652756308.900482, 1652756325.668016, 1652756327.9305913, 1652756329.2702596, 1652756330.7188601, 1652756334.78965, 1652756336.4687614, 1652756337.7058687, 1652756347.2391014, 1652756363.906077, 1652756380.673122, 1652756397.3592188, 1652756398.7395916, 1652756408.9434986, 1652756425.6919982, 1652756442.3947906, 1652756452.6591408, 1652756469.3948586, 1652756486.0956273, 1652756502.7815893, 1652756519.4833262, 1652756536.166258, 1652756552.8525326, 1652756569.5547707, 1652756586.2201679, 1652756602.919285, 1652756619.6219633, 1652756636.3401732, 1652756653.0069516, 1652756655.1901486, 1652756671.8590226, 1652756688.527269, 1652756705.2773116, 1652756721.9463336, 1652756738.6750114, 1652756755.3752983, 1652756772.0949066, 1652756788.8025029, 1652756805.5486088, 1652756822.2318249, 1652756838.9345815, 1652756855.5812075, 1652756872.267806, 1652756888.9495547, 1652756905.6347945, 1652756922.3454154, 1652756939.0031402, 1652756955.6694727, 1652756972.3460348, 1652756989.0185616, 1652757005.6748047, 1652757022.3630776, 1652757039.029095, 1652757055.7570467, 1652757072.4103441, 1652757089.077748, 1652757105.7477891, 1652757119.3809404, 1652757136.046772, 1652757152.715329, 1652757169.382186, 1652757186.052368, 1652757202.7174392, 1652757219.4018943, 1652757236.0863092, 1652757252.753955, 1652757269.4209397, 1652757286.0924108, 1652757302.7743654, 1652757319.5570457, 1652757336.2254229, 1652757350.525972, 1652757367.1948102, 1652757383.8611507, 1652757400.5282657, 1652757416.4965923, 1652757433.1641011, 1652757449.833194, 1652757466.4993515, 1652757499.9844344, 1652757513.2222767, 1652757529.8859577, 1652757546.5577123, 1652757562.1199265, 1652757578.7891862, 1652757595.4604294, 1652757612.1245074, 1652757628.7921245, 1652757645.4583118, 1652757662.1262808, 1652757678.7941587, 1652757695.4626641, 1652757712.133413, 1652758314.7640526, 1652759314.7645218, 1652760314.7643952, 1652761314.764273, 1652762314.764253, 1652763314.7633643, 1652764314.7649343, 1652764916.5246043, 1652764933.1919966, 1652765549.7637415, 1652766549.7693148, 1652767549.7642367, 1652768549.7639802, 1652769549.7698803, 1652770549.7712786, 1652771549.7648506, 1652772151.5211282, 1652772168.220692, 1652772185.0256274, 1652772204.790277, 1652772229.0755198, 1652772246.4150536, 1652772266.0895402, 1652772288.6952686, 1652772305.8856652, 1652772323.383943, 1652772340.1469004, 1652772357.180586, 1652772373.849041, 1652772390.916831, 1652772407.6305873, 1652772425.2384255, 1652772442.2319262, 1652772459.1174638, 1652772475.965554, 1652772493.0522125, 1652772509.967079, 1652772527.1862617, 1652772544.4746513, 1652772564.2984128, 1652772583.0456097, 1652772600.6895475, 1652772618.6592338, 1652772636.5781252, 1652772654.4698806, 1652772672.8404446, 1652772691.4961958, 1652772709.1240554, 1652772725.9067845, 1652772743.9284718, 1652772764.2284434, 1652772784.605438, 1652772804.9397712, 1652772825.1509128, 1652772845.7182724, 1652772866.2422843, 1652772886.291949, 1652772904.1800728, 1652772922.0016353, 1652772939.9340339, 1652772957.3027904, 1652772973.9708085, 1652772990.6361086, 1652773007.3022032, 1652773023.9766214, 1652773040.6390955, 1652773057.4097662, 1652773075.242163, 1652773092.2904983, 1652773109.5490975, 1652773126.3716514, 1652773143.3422177, 1652773161.196804, 1652773179.687702, 1652773197.1163678, 1652773215.1139731, 1652773232.2539704, 1652773249.8740716, 1652773267.382792, 1652773286.4176183, 1652773304.7510123, 1652773323.6969275, 1652773343.4390037, 1652773361.0872288, 1652773378.5617113, 1652773398.914316, 1652773417.3011105, 1652773436.49612, 1652773455.6447499, 1652773474.757065, 1652773493.9833052, 1652773514.452758, 1652773532.779892, 1652773551.1041832, 1652773569.7067862, 1652773587.3007572, 1652773605.1344264, 1652773623.8791554, 1652773643.3549562, 1652773662.8264797, 1652773682.6766434, 1652773703.6482759, 1652773723.1880183, 1652773742.922729, 1652773762.315497, 1652773783.3926778, 1652773802.8241394, 1652773824.2446856, 1652773844.7550206, 1652773865.8226976, 1652773885.2420197, 1652773905.2555032, 1652773925.7201924, 1652773947.0757537, 1652773966.7400823, 1652773985.0574098, 1652774003.3354862, 1652774019.0863242, 1652774036.6624863, 1652774051.867559, 1652774070.318359, 1652774089.727606, 1652774107.3889518, 1652774123.517157, 1652774141.6988156, 1652774159.9133508, 1652774177.3073716, 1652774194.6403506, 1652774204.4848297, 1652774223.0177143, 1652774239.053421, 1652774257.766004, 1652774276.45415, 1652774291.2827294, 1652774311.9861212, 1652774332.274871, 1652774352.775703, 1652774383.4397938, 1652774410.8840363, 1652774434.8258178, 1652774453.4386847, 1652774475.4376884, 1652774496.5766008], "episode_lengths": [179, 109, 119, 153, 233, 148, 230, 244, 225, 255, 309, 697, 314, 510, 315, 186, 312, 458, 406, 833, 229, 664, 1000, 1000, 702, 1000, 171, 159, 100, 1000, 90, 182, 151, 452, 244, 92, 464, 271, 97, 246, 332, 165, 98, 125, 196, 178, 316, 285, 320, 501, 606, 218, 1000, 316, 1000, 1000, 221, 1000, 1000, 281, 261, 74, 282, 218, 235, 1000, 135, 81, 87, 243, 101, 74, 571, 1000, 1000, 1000, 82, 608, 1000, 1000, 615, 1000, 1000, 1000, 1000, 1000, 1000, 1000, 1000, 1000, 1000, 1000, 1000, 131, 1000, 1000, 1000, 1000, 1000, 1000, 1000, 1000, 1000, 1000, 1000, 1000, 1000, 1000, 1000, 1000, 1000, 1000, 1000, 1000, 1000, 1000, 1000, 1000, 1000, 1000, 1000, 818, 1000, 1000, 1000, 1000, 1000, 1000, 1000, 1000, 1000, 1000, 1000, 1000, 1000, 858, 1000, 1000, 1000, 958, 1000, 1000, 1000, 1000, 792, 1000, 1000, 934, 1000, 1000, 1000, 1000, 1000, 1000, 1000, 1000, 1000, 1000, 1000, 1000, 1000, 1000, 1000, 1000, 1000, 1000, 1000, 1000, 1000, 1000, 1000, 1000, 1000, 1000, 1000, 1000, 1000, 1000, 1000, 1000, 1000, 1000, 1000, 1000, 1000, 1000, 1000, 1000, 1000, 1000, 1000, 1000, 1000, 1000, 1000, 1000, 1000, 1000, 1000, 1000, 1000, 1000, 1000, 1000, 1000, 1000, 1000, 1000, 1000, 1000, 1000, 1000, 1000, 1000, 1000, 1000, 1000, 1000, 1000, 1000, 1000, 1000, 1000, 1000, 1000, 1000, 1000, 1000, 1000, 1000, 1000, 1000, 1000, 1000, 1000, 1000, 1000, 1000, 1000, 1000, 1000, 1000, 1000, 1000, 1000, 1000, 1000, 1000, 1000, 1000, 1000, 1000, 1000, 1000, 1000, 1000, 1000, 1000, 1000, 1000, 1000, 1000, 1000, 1000, 1000, 1000, 1000, 1000, 1000, 1000, 1000, 976, 997, 1000, 846, 1000, 864, 944, 1000, 1000, 916, 1000, 1000, 958, 967, 519, 1000, 866, 1000, 1000, 766, 1000, 1000, 940, 1000, 853, 1000, 779, 917, 892],