{
	"initial_reset_timestamp": 1653073785.4683864,
	"timestamps": [1653073819.9264607, 1653073821.8425193, 1653073823.507258, 1653073824.7925942, 1653073825.6085875, 1653073826.6097379, 1653073827.843949, 1653073830.1206338, 1653073831.2289052, 1653073832.209765, 1653073833.142679, 1653073834.2104125, 1653073835.5042963, 1653073836.3933084, 1653073837.5754797, 1653073838.5434446, 1653073839.6443744, 1653073840.84334, 1653073841.7925477, 1653073843.4294493, 1653073844.2235348, 1653073845.9735026, 1653073846.9561791, 1653073847.9961557, 1653073849.3450558, 1653073850.2239351, 1653073851.5234637, 1653073852.4619377, 1653073853.6772957, 1653073855.1269767],
	"episode_lengths": [71, 113, 100, 77, 49, 60, 74, 66, 64, 59, 56, 64, 78, 53, 71, 58, 66, 72, 57, 98, 48, 50, 58, 62, 81, 53, 78, 56, 73, 87],
	"episode_rewards": [-502.7275842469166, -696.2435142446308, -564.0292564405854, -234.40864424461705, -130.835150636145, -143.5876502748738, -585.3083243302341, -484.6700756619605, -290.1668871898309, -241.01815718004946, -220.09965799566362, -549.6552357872191, -714.9459454590811, -122.13677915411913, -691.590302384202, -156.7049215712108, -147.67526705094238, -218.7452768651753, -279.9670526751419, -367.1595509847408, -337.6023708993546, -331.0793097848454, -360.80399141261154, -452.85253513256885, -299.4757420311479, -397.47841657956656, -306.76136925715764, -355.6323061844408, -245.9272060073607, -350.68596260875074],
	"episode_types": ["t", "t", "t", "t", "t", "t", "t", "t", "t", "t", "t", "t", "t", "t", "t", "t", "t", "t", "t", "t", "t", "t", "t", "t", "t", "t", "t", "t", "t", "t", "t", "t", "t", "t", "t", "t", "t", "t", "t", "t", "t", "t", "t", "t", "t", "t", "t", "t", "t", "t"]
}