{
	"initial_reset_timestamp": 1653073785.0783248,
	"timestamps": [1653073786.7649202, 1653073788.1817205, 1653073790.681096, 1653073792.3162544, 1653073793.7167718, 1653073795.7160676, 1653073797.6159396, 1653073798.882867, 1653073800.2664177, 1653073801.9995797, 1653073804.5592628, 1653073805.6589396, 1653073807.7074776, 1653073809.308869, 1653073810.4919178, 1653073812.1586995, 1653073813.858703, 1653073815.8427527, 1653073817.6949828, 1653073818.741157, 1653073819.926448, 1653073821.8425055, 1653073823.5072474, 1653073824.792581, 1653073825.6085746, 1653073826.6097245, 1653073827.843934, 1653073830.1206267, 1653073831.2288966, 1653073832.2097511, 1653073833.142666, 1653073834.2104023, 1653073835.5042894, 1653073836.3932884, 1653073837.5754676, 1653073838.5434306, 1653073839.6443589, 1653073840.843327, 1653073841.7925375, 1653073843.429433, 1653073844.2235217, 1653073845.9601395, 1653073846.9561665, 1653073847.9961421, 1653073849.345041, 1653073850.2239275, 1653073851.5234544, 1653073852.461922, 1653073853.6772847, 1653073855.1269655],
	"episode_lengths": [67, 80, 74, 97, 84, 120, 114, 76, 72, 103, 149, 66, 123, 96, 71, 100, 102, 119, 111, 63, 71, 113, 100, 77, 49, 60, 74, 66, 64, 59, 56, 64, 78, 53, 71, 58, 66, 72, 57, 98, 48, 50, 58, 62, 81, 53, 78, 56, 73, 87],
	"episode_rewards": [-201.51860185494928, -118.97337210246158, -112.39400793778736, -76.93933190154851, -84.25109353548152, -123.6597862257357, -74.63659273977703, -82.87218087822393, -67.77134686794233, -177.0166461456249, -86.14027854377045, -111.09652583233557, -185.76374964469676, -229.6980589974092, -61.65824428515788, -91.94073394071177, -310.23686789374426, -340.96460473233685, -101.46697386071315, -94.7765241564403, -502.7275842469166, -696.2435142446308, -564.0292564405854, -234.40864424461705, -130.835150636145, -143.5876502748738, -585.3083243302341, -484.6700756619605, -290.1668871898309, -241.01815718004946, -220.09965799566362, -549.6552357872191, -714.9459454590811, -122.13677915411913, -691.590302384202, -156.7049215712108, -147.67526705094238, -218.7452768651753, -279.9670526751419, -367.1595509847408, -337.6023708993546, -331.0793097848454, -360.80399141261154, -452.85253513256885, -299.4757420311479, -397.47841657956656, -306.76136925715764, -355.6323061844408, -245.9272060073607, -350.68596260875074],
	"episode_types": ["t", "t", "t", "t", "t", "t", "t", "t", "t", "t", "t", "t", "t", "t", "t", "t", "t", "t", "t", "t", "t", "t", "t", "t", "t", "t", "t", "t", "t", "t", "t", "t", "t", "t", "t", "t", "t", "t", "t", "t", "t", "t", "t", "t", "t", "t", "t", "t", "t", "t", "t", "t", "t", "t", "t", "t", "t", "t", "t", "t", "t", "t", "t", "t", "t", "t", "t", "t", "t", "t", "t", "t", "t", "t", "t", "t", "t", "t", "t", "t", "t", "t", "t", "t", "t", "t", "t", "t", "t", "t", "t", "t", "t", "t", "t", "t", "t", "t", "t", "t", "t", "t", "t", "t", "t", "t", "t", "t", "t", "t", "t", "t", "t", "t", "t", "t", "t", "t", "t", "t", "t", "t", "t", "t", "t", "t", "t", "t", "t", "t", "t", "t", "t", "t", "t", "t", "t", "t", "t", "t", "t", "t", "t", "t", "t", "t", "t", "t", "t", "t"]
}