{"initial_reset_timestamp": 1653580996.3328104, "timestamps": [1653580997.9803004, 1653580999.3970938, 1653581001.4145432, 1653581002.8141222, 1653581003.7643778], "episode_lengths": [67, 80, 59, 83, 57], "episode_rewards": [-201.51860185494928, -118.97337210246158, -528.6349759068188, -726.560620870623, -476.5896677639861], "episode_types": ["t", "t", "t", "t", "t", "t", "t", "t", "t", "t", "t", "t", "t", "t", "t"]}