{"initial_reset_timestamp": 1653580996.678617, "timestamps": [1653581001.4435134, 1653581002.8141348, 1653581003.7643917], "episode_lengths": [59, 83, 57], "episode_rewards": [-528.6349759068188, -726.560620870623, -476.5896677639861], "episode_types": ["t", "t", "t", "t", "t"]}