{"initial_reset_timestamp": 1653582424.4452014, "timestamps": [1653582426.1630838, 1653582427.612895, 1653582430.1297452, 1653582431.7637696, 1653582433.1647818, 1653582435.1641288, 1653582437.0638914, 1653582438.3308818, 1653582439.5976434, 1653582441.313978, 1653582442.663722, 1653582444.4215748, 1653582446.186282, 1653582448.572223, 1653582449.9721682, 1653582451.5042665, 1653582453.4722424, 1653582455.1555371, 1653582456.287707, 1653582457.8222501, 1653582459.7075603, 1653582461.3734012, 1653582462.9577935, 1653582464.887795, 1653582466.3905149, 1653582467.65644, 1653582468.539582, 1653582470.634821, 1653582471.9728863, 1653582473.2075248, 1653582474.3732648, 1653582475.3395681, 1653582476.7394714, 1653582477.957765, 1653582478.8230748, 1653582480.1370173, 1653582481.572721, 1653582482.9746857, 1653582484.3854532, 1653582485.8593109, 1653582486.7081823, 1653582488.5337029, 1653582490.3250725, 1653582493.3052151, 1653582494.7107258, 1653582496.1086, 1653582497.2254686, 1653582500.04084, 1653582501.2922134, 1653582502.4884224], "episode_lengths": [67, 80, 74, 97, 84, 120, 114, 76, 72, 99, 81, 82, 106, 143, 84, 92, 118, 101, 68, 92, 113, 98, 95, 116, 90, 76, 53, 60, 78, 74, 70, 58, 84, 73, 52, 79, 86, 84, 85, 88, 51, 54, 106, 179, 84, 84, 67, 169, 75, 72], "episode_rewards": [-201.51860185494928, -118.97337210246158, -112.39400793778736, -76.93933190154851, -84.25109353548152, -123.6597862257357, -74.63659273977703, -82.87218087822393, -72.20163529512593, -215.7303015891185, -85.51384845361838, -277.21350995963434, -323.91331320382767, -280.9086730505228, -395.95259625915037, -120.71742161840547, -278.90916695904303, -423.2018081184548, -85.52026521653693, -258.90462808729876, -621.6006521063945, -623.4299203292335, -455.84871409582263, -210.64257887202893, -129.89084559846142, -166.57693597055044, -122.37267841651948, -234.07051750731938, -126.58268103496758, -150.26351994007032, -165.13313128233696, -125.94391752425784, -282.02608265286415, -211.33620724319542, -101.79565601234441, -125.45313262607303, -384.18942633727517, -289.1529811303709, -163.16648075884575, -119.91794549935466, -174.85390362520832, -103.16781777555468, -270.3596968926129, -181.11790669983867, -86.05684435669195, -104.05554494804977, -219.59770976792146, -453.57991468201845, -263.0488362836974, -213.73132306025866], "episode_types": ["t", "t", "t", "t", "t", "t", "t", "t", "t", "t", "t", "t", "t", "t", "t", "t", "t", "t", "t", "t", "t", "t", "t", "t", "t", "t", "t", "t", "t", "t", "t", "t", "t", "t", "t", "t", "t", "t", "t", "t", "t", "t", "t", "t", "t", "t", "t", "t", "t", "t", "t", "t", "t", "t", "t", "t", "t", "t", "t", "t", "t", "t", "t", "t", "t", "t", "t", "t", "t", "t", "t", "t", "t", "t", "t", "t", "t", "t", "t", "t", "t", "t", "t", "t", "t", "t", "t", "t", "t", "t", "t", "t", "t", "t", "t", "t", "t", "t", "t", "t", "t", "t", "t", "t", "t", "t", "t", "t", "t", "t", "t", "t", "t", "t", "t", "t", "t", "t", "t", "t", "t", "t", "t", "t", "t", "t", "t", "t", "t", "t", "t", "t", "t", "t", "t", "t", "t", "t", "t", "t", "t", "t", "t", "t", "t", "t", "t", "t", "t", "t"]}