{"initial_reset_timestamp": 1653582424.8563297, "timestamps": [1653582459.7075725, 1653582461.3734152, 1653582462.9578066, 1653582464.8878055, 1653582466.3905303, 1653582467.656453, 1653582468.5395947, 1653582470.634828, 1653582471.972898, 1653582473.2075381, 1653582474.3732781, 1653582475.339582, 1653582476.7394853, 1653582477.957778, 1653582478.8230884, 1653582480.1370275, 1653582481.5727353, 1653582482.9746993, 1653582484.3854601, 1653582485.8593266, 1653582486.708196, 1653582488.552136, 1653582490.3250859, 1653582493.3052232, 1653582494.710741, 1653582496.1086147, 1653582497.2254827, 1653582500.0408509, 1653582501.2922237, 1653582502.4884305], "episode_lengths": [113, 98, 95, 116, 90, 76, 53, 60, 78, 74, 70, 58, 84, 73, 52, 79, 86, 84, 85, 88, 51, 54, 106, 179, 84, 84, 67, 169, 75, 72], "episode_rewards": [-621.6006521063945, -623.4299203292335, -455.84871409582263, -210.64257887202893, -129.89084559846142, -166.57693597055044, -122.37267841651948, -234.07051750731938, -126.58268103496758, -150.26351994007032, -165.13313128233696, -125.94391752425784, -282.02608265286415, -211.33620724319542, -101.79565601234441, -125.45313262607303, -384.18942633727517, -289.1529811303709, -163.16648075884575, -119.91794549935466, -174.85390362520832, -103.16781777555468, -270.3596968926129, -181.11790669983867, -86.05684435669195, -104.05554494804977, -219.59770976792146, -453.57991468201845, -263.0488362836974, -213.73132306025866], "episode_types": ["t", "t", "t", "t", "t", "t", "t", "t", "t", "t", "t", "t", "t", "t", "t", "t", "t", "t", "t", "t", "t", "t", "t", "t", "t", "t", "t", "t", "t", "t", "t", "t", "t", "t", "t", "t", "t", "t", "t", "t", "t", "t", "t", "t", "t", "t", "t", "t", "t", "t"]}