{"initial_reset_timestamp": 1653056697.5821974, "timestamps": [1653056699.2073374, 1653056700.6238556, 1653056702.7595599, 1653056703.992864, 1653056705.2929106], "episode_lengths": [67, 80, 64, 73, 78], "episode_rewards": [-201.51860185494928, -118.97337210246158, -557.6085086733991, -399.0918018278241, -466.48851695214114], "episode_types": ["t", "t", "t", "t", "t", "t", "t", "t", "t", "t", "t", "t", "t", "t", "t"]}