{"initial_reset_timestamp": 1653056697.9048681, "timestamps": [1653056702.7876394, 1653056703.9928768, 1653056705.2929251], "episode_lengths": [64, 73, 78], "episode_rewards": [-557.6085086733991, -399.0918018278241, -466.48851695214114], "episode_types": ["t", "t", "t", "t", "t"]}