{"initial_reset_timestamp": 1653582212.6056647, "timestamps": [1653582214.237819, 1653582215.6752234, 1653582221.105201, 1653582224.1397634, 1653582226.6717257], "episode_lengths": [67, 80, 162, 181, 152], "episode_rewards": [-201.51860185494928, -118.97337210246158, -735.8423695809914, -1257.8967837347, -540.1327826522813], "episode_types": ["t", "t", "t", "t", "t", "t", "t", "t", "t", "t", "t", "t", "t", "t", "t"]}