{"initial_reset_timestamp": 1653582212.943919, "timestamps": [1653582221.130587, 1653582224.139777, 1653582226.6717389], "episode_lengths": [162, 181, 152], "episode_rewards": [-735.8423695809914, -1257.8967837347, -540.1327826522813], "episode_types": ["t", "t", "t", "t", "t"]}