{"initial_reset_timestamp": 1653966596.4255245, "timestamps": [1653966597.174711, 1653966597.4087343, 1653966598.7103636, 1653966598.8281226, 1653966598.8438623, 1653966598.8880012, 1653966598.9161663, 1653966598.9419153, 1653966599.21573, 1653966599.3378959, 1653966599.3593245, 1653966599.7070296, 1653966599.990761, 1653966600.2139227, 1653966600.4224827, 1653966600.6487103, 1653966600.9236248, 1653966601.2435052, 1653966601.4201374, 1653966601.602892, 1653966601.8671963, 1653966602.2832227, 1653966603.1789088, 1653966603.4194012, 1653966603.7335088, 1653966604.4618676, 1653966605.027346, 1653966606.0089695, 1653966606.1705868, 1653966606.582011, 1653966607.0001144, 1653966607.2178683, 1653966607.4405959, 1653966607.6227853, 1653966607.8112855, 1653966608.4366474, 1653966609.0647354, 1653966609.244302, 1653966609.9715338, 1653966610.7297852, 1653966611.1851082, 1653966612.640873, 1653966612.9442806, 1653966613.2017286, 1653966613.4192362, 1653966613.63891, 1653966613.9251015, 1653966614.158981, 1653966614.4238446, 1653966614.7478197, 1653966615.0792563, 1653966615.4651914, 1653966615.7918382, 1653966616.057074, 1653966616.3440049, 1653966616.6322198, 1653966616.8738542, 1653966617.2651007, 1653966617.6538773, 1653966618.201741, 1653966618.560651, 1653966618.7737565, 1653966619.127753, 1653966619.4380465, 1653966620.1314383, 1653966620.4215322, 1653966620.7302403, 1653966621.116924, 1653966621.9638352, 1653966622.5646691, 1653966622.9006984, 1653966623.509938, 1653966624.0378268, 1653966624.2638664, 1653966624.840444, 1653966625.6350574, 1653966626.2141383, 1653966626.5184245, 1653966626.846535, 1653966627.187257, 1653966627.4552493, 1653966627.7590299, 1653966627.9997919, 1653966628.2653868, 1653966628.690648, 1653966629.2175126, 1653966629.5561728, 1653966630.0099654, 1653966630.3679886, 1653966630.621964, 1653966630.9154685, 1653966631.214336, 1653966631.5472417, 1653966631.985231, 1653966632.3176613, 1653966632.608153, 1653966632.9583974, 1653966633.7012622, 1653966634.0916405], "episode_lengths": [67, 80, 74, 97, 84, 120, 114, 76, 73, 89, 124, 114, 118, 88, 82, 90, 110, 123, 67, 70, 107, 122, 94, 92, 68, 92, 76, 91, 54, 109, 113, 79, 85, 65, 69, 87, 107, 65, 78, 68, 114, 74, 94, 96, 65, 66, 105, 73, 77, 93, 102, 132, 110, 85, 87, 93, 85, 106, 113, 116, 117, 75, 93, 90, 126, 71, 95, 100, 111, 90, 67, 100, 71, 73, 152, 119, 140, 96, 88, 106, 87, 94, 82, 68, 106, 109, 78, 106, 67, 72, 94, 96, 94, 69, 109, 89, 81, 65, 69], "episode_rewards": [-211.51860185494928, -128.97337210246158, -122.39400793778736, -96.93933190154851, -104.25109353548152, -143.6597862257357, -74.63659273977703, -102.87218087822393, -80.19668568289731, -74.37232202961812, -132.00119466850398, -390.63950007548453, -313.34343542083093, -283.5158067251923, -229.55101635593115, -159.36189265480843, -331.37402170107794, -45.24413944622387, -193.77949139753383, -89.29210980156114, -115.17694308396534, -475.99226449458496, -89.13153595694146, -108.37226234895266, -138.40589062298616, -91.28811808671023, -116.46337903228735, -456.9117219714113, -169.92235819121086, -95.07952396105955, -133.4157580131089, -322.0035926243426, -96.35955611022976, -87.99121006049131, -83.17013320715296, -85.30577022762981, -244.72735142022918, -146.63068449474366, -186.95273998589326, -153.66550480460535, -109.58379967527634, -51.765406718537776, -231.1684779032619, -258.1052944356584, -40.01957097458828, -71.3555147887898, -358.93726531887233, -102.57330326202418, -91.53410789479389, -88.31243448828513, -174.48023948603105, -247.02101854146798, -150.34033918644712, -297.04734623979834, -79.61726251626197, -344.02404721554933, -153.3549644201594, -176.41934429465817, -538.827019161529, -85.21981271791574, -282.79590792042075, -140.92778411921296, -264.62377242687677, -267.4854824902435, -150.82977163824341, -381.05923965125453, -232.0259158480204, -165.7137126283163, -379.0624491952533, -57.432274722645445, -319.53442083780885, -382.35366668370114, -272.19757940961273, -261.1637070582484, -121.97544830422379, -385.45468793451363, -49.82400360559956, -379.99797296750734, -107.64967589391284, -225.42487056048918, -127.67141212005865, -281.6790728481751, -277.60021146890426, -68.75624732898703, -102.22776737618653, -307.6351454721587, -39.816515685604, -61.545924491776304, -224.63133349501908, -97.00644144811915, -352.02985019296636, -114.17842093780621, -455.82092570384253, -100.88448882013859, -161.83537163699788, -110.13860501374029, -77.34883829886249, -164.36515217185905, -52.70076401793435], "episode_types": ["t", "t", "t", "t", "t", "t", "t", "t", "t", "t", "t", "t", "t", "t", "t", "t", "t", "t", "t", "t", "t", "t", "t", "t", "t", "t", "t", "t", "t", "t", "t", "t", "t", "t", "t", "t", "t", "t", "t", "t", "t", "t", "t", "t", "t", "t", "t", "t", "t", "t", "t", "t", "t", "t", "t", "t", "t", "t", "t", "t", "t", "t", "t", "t", "t", "t", "t", "t", "t", "t", "t", "t", "t", "t", "t", "t", "t", "t", "t", "t", "t", "t", "t", "t", "t", "t", "t", "t", "t", "t", "t", "t", "t", "t", "t", "t", "t", "t", "t", "t", "t", "t", "t", "t", "t", "t", "t", "t", "t", "t", "t", "t", "t", "t", "t", "t", "t", "t", "t", "t", "t", "t", "t", "t", "t", "t", "t", "t", "t", "t", "t", "t", "t", "t", "t", "t", "t", "t", "t", "t", "t", "t", "t", "t", "t", "t", "t", "t", "t", "t", "t", "t", "t", "t", "t", "t", "t", "t", "t", "t", "t", "t", "t", "t", "t", "t", "t", "t", "t", "t", "t", "t", "t", "t", "t", "t", "t", "t", "t", "t", "t", "t", "t", "t", "t", "t", "t", "t", "t", "t", "t", "t", "t", "t", "t", "t", "t", "t", "t", "t", "t", "t", "t", "t", "t", "t", "t", "t", "t", "t", "t", "t", "t", "t", "t", "t", "t", "t", "t", "t", "t", "t", "t", "t", "t", "t", "t", "t", "t", "t", "t", "t", "t", "t", "t", "t", "t", "t", "t", "t", "t", "t", "t", "t", "t", "t", "t", "t", "t", "t", "t", "t", "t", "t", "t", "t", "t", "t", "t", "t", "t", "t", "t", "t", "t", "t", "t", "t", "t", "t", "t", "t", "t", "t", "t", "t", "t", "t", "t", "t", "t", "t", "t", "t", "t", "t", "t", "t", "t", "t", "t", "t", "t", "t", "t", "t", "t", "t", "t", "t"]}