{"initial_reset_timestamp": 1653580864.162588, "timestamps": [1653580865.8071814, 1653580867.2407606, 1653580869.259672, 1653580870.6593013, 1653580871.609297], "episode_lengths": [67, 80, 59, 83, 57], "episode_rewards": [-201.51860185494928, -118.97337210246158, -534.3845533516409, -780.9298049768998, -479.0169612141459], "episode_types": ["t", "t", "t", "t", "t", "t", "t", "t", "t", "t", "t", "t", "t", "t", "t"]}