{"initial_reset_timestamp": 1653580864.5104828, "timestamps": [1653580869.2864716, 1653580870.6593144, 1653580871.6093102], "episode_lengths": [59, 83, 57], "episode_rewards": [-534.3845533516409, -780.9298049768998, -479.0169612141459], "episode_types": ["t", "t", "t", "t", "t"]}