{"initial_reset_timestamp": 1653581586.4411106, "timestamps": [1653581591.241619, 1653581592.7799182, 1653581593.8307009], "episode_lengths": [59, 93, 63], "episode_rewards": [-455.0425400942353, -1117.346552552749, -612.6680901744919], "episode_types": ["t", "t", "t", "t", "t"]}