{"initial_reset_timestamp": 1653581586.1144488, "timestamps": [1653581587.743864, 1653581589.1945136, 1653581591.2132907, 1653581592.7799056, 1653581593.830686], "episode_lengths": [67, 80, 59, 93, 63], "episode_rewards": [-201.51860185494928, -118.97337210246158, -455.0425400942353, -1117.346552552749, -612.6680901744919], "episode_types": ["t", "t", "t", "t", "t", "t", "t", "t", "t", "t", "t", "t", "t", "t", "t"]}