{"initial_reset_timestamp": 1653571216.4390903, "timestamps": [1653571222.5793571, 1653571223.7388694, 1653571226.571797], "episode_lengths": [97, 70, 170], "episode_rewards": [-784.9292511741402, -640.1857527506812, -658.4823527532483], "episode_types": ["t", "t", "t", "t", "t"]}