{"initial_reset_timestamp": 1653571214.1039517, "timestamps": [1653571217.8027709, 1653571219.2194366, 1653571222.5563693, 1653571223.7388566, 1653571226.5717838], "episode_lengths": [67, 80, 97, 70, 170], "episode_rewards": [-201.51860185494928, -118.97337210246158, -784.9292511741402, -640.1857527506812, -658.4823527532483], "episode_types": ["t", "t", "t", "t", "t", "t", "t", "t", "t", "t", "t", "t", "t", "t", "t"]}