{"initial_reset_timestamp": 1653056590.255509, "timestamps": [1653056591.8524196, 1653056593.2860909, 1653056595.285573, 1653056596.704911, 1653056598.187308], "episode_lengths": [67, 80, 59, 84, 89], "episode_rewards": [-201.51860185494928, -118.97337210246158, -528.9481593831875, -468.21235900757654, -404.6505102755725], "episode_types": ["t", "t", "t", "t", "t", "t", "t", "t", "t", "t", "t", "t", "t", "t", "t"]}