{"initial_reset_timestamp": 1653056590.5811245, "timestamps": [1653056595.3096664, 1653056596.7049255, 1653056598.18732], "episode_lengths": [59, 84, 89], "episode_rewards": [-528.9481593831875, -468.21235900757654, -404.6505102755725], "episode_types": ["t", "t", "t", "t", "t"]}