{"initial_reset_timestamp": 1653073870.3870082, "timestamps": [1653073872.0868483, 1653073873.503392, 1653073876.0200756, 1653073877.6544974, 1653073879.0548604, 1653073881.0544548, 1653073882.954497, 1653073884.2213, 1653073885.5549893, 1653073887.219243, 1653073888.5713058, 1653073890.022315, 1653073894.5608776, 1653073896.2099767, 1653073897.344943, 1653073898.950005], "episode_lengths": [67, 80, 74, 97, 84, 120, 114, 76, 72, 99, 81, 83, 119, 98, 68, 97], "episode_rewards": [-201.51860185494928, -118.97337210246158, -112.39400793778736, -76.93933190154851, -84.25109353548152, -123.6597862257357, -74.63659273977703, -82.87218087822393, -67.77134686794233, -176.77262202416532, -85.51384845361838, -295.5977006379811, -34.31214627814461, -246.5615697683542, -142.4553361717672, -335.2650287794793], "episode_types": ["t", "t", "t", "t", "t", "t", "t", "t", "t", "t", "t", "t", "t", "t", "t", "t", "t", "t", "t", "t", "t", "t", "t", "t", "t", "t", "t", "t", "t", "t", "t", "t", "t", "t", "t", "t", "t", "t", "t", "t", "t", "t", "t", "t", "t", "t", "t", "t", "t", "t", "t"]}