{"initial_reset_timestamp": 1653071306.7330427, "timestamps": [1653071308.4928448, 1653071309.9958813, 1653071312.1080523, 1653071313.6815717, 1653071314.7302706], "episode_lengths": [67, 80, 59, 93, 63], "episode_rewards": [-201.51860185494928, -118.97337210246158, -455.0425400942353, -1117.346552552749, -612.6680901744919], "episode_types": ["t", "t", "t", "t", "t", "t", "t", "t", "t", "t", "t", "t", "t", "t", "t"]}