{"initial_reset_timestamp": 1653071307.153478, "timestamps": [1653071312.133457, 1653071313.6815915, 1653071314.7302935], "episode_lengths": [59, 93, 63], "episode_rewards": [-455.0425400942353, -1117.346552552749, -612.6680901744919], "episode_types": ["t", "t", "t", "t", "t"]}