{"initial_reset_timestamp": 1653846178.6697822, "timestamps": [1653846182.1196194, 1653846184.5845296, 1653846186.251746, 1653846187.8513331, 1653846189.03566], "episode_lengths": [96, 73, 99, 96, 71], "episode_rewards": [-118.103993514276, -133.273107220794, -470.70641762095613, -109.94950518622036, -48.08024647633757], "episode_types": ["t", "t", "t", "t", "t"]}