{"initial_reset_timestamp": 1651845099.7578382, "timestamps": [1651845117.0528781, 1651845118.8917577, 1651845122.3103004, 1651845125.341873, 1651845127.8781204, 1651845130.4118404, 1651845132.3276608, 1651845133.8270555, 1651845135.175394, 1651845137.3617203], "episode_lengths": [110, 107, 205, 89, 152, 152, 115, 90, 81, 131], "episode_rewards": [-797.9660107573653, -578.030618221135, -1658.163539751389, -283.68885846715784, -767.5499845432712, -606.5610120201859, -500.39175508848285, -87.97480021021069, -65.51157281399853, -507.14345436887237], "episode_types": ["t", "t", "t", "t", "t", "t", "t", "t", "t", "t", "t", "t", "t", "t", "t", "t", "t", "t", "t", "t"]}