{"initial_reset_timestamp": 1651845099.4193966, "timestamps": [1651845102.3151872, 1651845103.7849977, 1651845105.0672443, 1651845106.7337356, 1651845108.5845084, 1651845109.6500468, 1651845110.9338713, 1651845112.0347915, 1651845113.4503179, 1651845115.2179236, 1651845117.052864, 1651845118.8917458, 1651845122.3102865, 1651845125.324557, 1651845127.878106, 1651845130.411825, 1651845132.3276467, 1651845133.8270328, 1651845135.1753826, 1651845137.3617065], "episode_lengths": [74, 85, 77, 100, 110, 64, 77, 66, 84, 106, 110, 107, 205, 89, 152, 152, 115, 90, 81, 131], "episode_rewards": [-104.00868497887019, -196.8929395042111, -254.54575581622964, -313.4912134478453, -253.37727770371828, -98.108178844478, 16.16132961040212, -64.36785827264534, -153.74000787351778, -144.48005046517756, -797.9660107573653, -578.030618221135, -1658.163539751389, -283.68885846715784, -767.5499845432712, -606.5610120201859, -500.39175508848285, -87.97480021021069, -65.51157281399853, -507.14345436887237], "episode_types": ["t", "t", "t", "t", "t", "t", "t", "t", "t", "t", "t", "t", "t", "t", "t", "t", "t", "t", "t", "t", "t", "t", "t", "t", "t", "t", "t", "t", "t", "t", "t", "t", "t", "t", "t", "t", "t", "t", "t", "t"]}