{"initial_reset_timestamp": 1652939326.3756597, "timestamps": [1652939669.8294818, 1652939687.3712113, 1652939704.8521342, 1652939722.3661232, 1652939739.8299115, 1652939757.5906627, 1652939775.1936948, 1652939792.7566566, 1652939810.4417164, 1652939827.996101, 1652939845.6964135, 1652939863.314412, 1652939881.1068811, 1652939898.5484893, 1652939916.1816418, 1652939933.8634164, 1652939968.5778437, 1652939986.2839043, 1652940003.8406658, 1652940021.5201, 1652940039.091934, 1652940056.7274923, 1652940074.428925, 1652940092.3762424, 1652940109.912449, 1652940127.4218247, 1652940145.1434329, 1652940162.956478, 1652940175.5325994, 1652940194.1326501, 1652940212.4242547, 1652940232.7104576, 1652940259.4218647, 1652940279.5315664, 1652940298.039362, 1652940324.8719316, 1652940343.092271, 1652940348.5195374, 1652940364.7572782, 1652940389.8781135, 1652940396.0921624, 1652940401.1419466, 1652940427.5689182, 1652940442.551236, 1652940458.4978683, 1652940484.0171793, 1652940496.895318, 1652940510.4081914, 1652940519.7344759, 1652940537.7182398, 1652940552.2701886, 1652940588.1352277, 1652940605.0716193, 1652940638.5883925, 1652940671.6908815, 1652940709.356993, 1652940728.3544898, 1652940737.1884778, 1652940750.8837194, 1652940784.5883079, 1652940794.813925, 1652940806.5248613, 1652940824.5904403, 1652940841.1467502, 1652940879.739368, 1652940897.0811138, 1652940933.4396634, 1652940940.2375252, 1652940952.6903555, 1652940965.2335827, 1652940979.2185855, 1652940993.444434, 1652941003.395419, 1652941021.9948838, 1652941035.5997415, 1652941074.589768, 1652941096.704168, 1652941105.2080042, 1652941110.9324956, 1652941130.5782988, 1652941143.1797814, 1652941159.9397166, 1652941165.2253036, 1652941181.6020532, 1652941200.601446, 1652941220.9365468, 1652941261.707823, 1652941275.2242765, 1652941294.8909922, 1652941311.3085022, 1652941326.3328323, 1652941343.6368465, 1652941383.3903587, 1652941396.7765734, 1652941412.0800304, 1652941432.310325, 1652941438.7855585, 1652941451.154716, 1652941494.376779, 1652941533.669049, 1652941548.4619155, 1652941569.7997365, 1652941592.2831032, 1652941611.0146315, 1652941620.257669, 1652941631.8602116, 1652941663.531181, 1652941672.5336664, 1652941678.2407868, 1652941684.8172815, 1652941689.9227173, 1652941702.7044656, 1652941706.7542276, 1652941712.2414684, 1652941734.3394907, 1652941753.599557, 1652941766.0342054, 1652941770.7929068, 1652941779.2352762, 1652941784.957326, 1652941796.1675866, 1652941808.0129523, 1652941822.376225, 1652941850.37966, 1652941859.1730888, 1652941867.9333327, 1652941878.352543, 1652941894.4182153, 1652941903.481572, 1652941910.59632, 1652941917.0497901, 1652941927.0587378, 1652941937.6726782, 1652941946.7271836, 1652941958.705827, 1652941974.7869515, 1652941985.2393095, 1652941999.9377365, 1652942005.6986558, 1652942010.903287, 1652942027.0957713, 1652942042.1782146, 1652942048.439451, 1652942058.5517964, 1652942064.0996304, 1652942069.3293607, 1652942074.4280741, 1652942084.2579849, 1652942094.0550592, 1652942110.134495, 1652942115.3559892, 1652942133.561834, 1652942148.4801345, 1652942166.7763438, 1652942184.9573398, 1652942196.2864835, 1652942210.382985, 1652942228.8177116, 1652942243.59579, 1652942262.6765985, 1652942281.3228512, 1652942299.750862, 1652942304.9546487, 1652942323.3344207, 1652942328.3307228, 1652942347.083145, 1652942365.4549558, 1652942383.978931, 1652942385.926545, 1652942388.5739474, 1652942407.2447617, 1652942415.207585, 1652942433.5798032, 1652942437.1185071, 1652942455.7280128, 1652942462.6442304, 1652942480.7986174, 1652942482.7440732, 1652942501.2602699, 1652942520.2470531, 1652942539.2390833, 1652942558.0999346, 1652942576.75911, 1652942595.352117, 1652942613.696843, 1652942632.5205328, 1652942650.7698698, 1652942669.5345592, 1652942676.0839436, 1652942694.1034956, 1652942712.1605859, 1652942716.328627, 1652942734.4269023, 1652942753.0564528, 1652942772.5585597, 1652942789.8190036, 1652942806.6505613, 1652942823.594051, 1652942840.2773514, 1652942856.941499, 1652942873.6055555, 1652942890.281966, 1652942906.9683144, 1652942923.6223123, 1652942940.3074915, 1652942956.9766617, 1652942973.6539125, 1652942990.30501, 1652943007.0309968, 1652943023.7087789, 1652943040.3880494, 1652943057.079503, 1652943073.7526834, 1652943090.42493, 1652943107.1068869, 1652943123.8002708, 1652943140.471807, 1652943157.1671875, 1652943173.8353772, 1652943190.5301535, 1652943207.204797, 1652943223.8781517, 1652943240.5586386, 1652943257.2561052, 1652943273.9378648, 1652943290.6351652, 1652943307.310731, 1652943324.1987624, 1652943340.88789, 1652943357.5657578, 1652943374.2524233, 1652943390.9246848, 1652943407.606448, 1652943424.5112572, 1652943441.1855721, 1652943457.8900917, 1652943474.573, 1652943491.271521, 1652943508.0362246, 1652943524.7502072, 1652943541.481384, 1652943558.2334116, 1652943574.9611316, 1652943592.0451348, 1652943608.8061597, 1652943625.6088777, 1652943642.402668, 1652943659.6207478, 1652943676.483507, 1652943693.4297986, 1652943710.2134564, 1652943727.1303263, 1652943744.1227062, 1652943761.172081, 1652943778.3571582, 1652943795.6219816, 1652943812.6628544, 1652943829.8173616, 1652943847.0459673, 1652943864.6096773, 1652943881.834538, 1652943899.2524953, 1652943916.933384, 1652943934.7346845, 1652943952.6258452, 1652943970.466465, 1652943988.4460695, 1652944006.5271664, 1652944024.7071846, 1652944042.8845482, 1652944061.2814603, 1652944079.384842, 1652944097.5787628, 1652944116.085729, 1652944134.6183226, 1652944153.191001, 1652944172.1487596, 1652944190.672639, 1652944209.226964, 1652944228.3476422, 1652944247.139395, 1652944266.249901, 1652944285.2493565, 1652944304.3087716, 1652944323.459393, 1652944342.6613226, 1652944362.4460576, 1652944381.766495, 1652944401.231907, 1652944420.7686927, 1652944440.5035782, 1652944460.327735, 1652944480.220809, 1652944500.4050267, 1652944520.2366147, 1652944540.1504219, 1652944560.1503038, 1652944580.5537057, 1652944600.675049, 1652944620.8733423], "episode_lengths": [502, 1000, 1000, 1000, 1000, 1000, 1000, 1000, 1000, 1000, 1000, 1000, 1000, 1000, 1000, 1000, 1000, 1000, 1000, 1000, 1000, 1000, 1000, 1000, 1000, 1000, 1000, 1000, 708, 1000, 1000, 1000, 1000, 1000, 1000, 1000, 723, 194, 622, 1000, 242, 199, 1000, 538, 453, 1000, 364, 429, 464, 530, 381, 1000, 526, 1000, 1000, 1000, 1000, 363, 458, 1000, 304, 342, 526, 467, 1000, 343, 1000, 171, 319, 321, 347, 355, 256, 452, 350, 1000, 576, 217, 142, 488, 301, 408, 129, 394, 474, 493, 1000, 336, 479, 365, 354, 398, 1000, 318, 367, 469, 150, 288, 1000, 1000, 337, 540, 466, 433, 364, 371, 776, 275, 292, 311, 255, 615, 186, 245, 1000, 662, 560, 232, 374, 279, 533, 508, 333, 723, 221, 219, 252, 415, 417, 354, 345, 462, 532, 455, 648, 861, 524, 819, 311, 273, 853, 815, 325, 286, 310, 285, 289, 540, 525, 879, 289, 1000, 809, 1000, 1000, 610, 755, 1000, 795, 1000, 1000, 1000, 292, 1000, 264, 1000, 1000, 1000, 112, 134, 1000, 430, 1000, 190, 1000, 374, 1000, 108, 1000, 1000, 1000, 1000, 1000, 1000, 1000, 1000, 1000, 1000, 350, 1000, 1000, 215, 1000, 1000, 1000, 1000, 1000, 1000, 1000, 1000, 1000, 1000, 1000, 1000, 1000, 1000, 1000, 1000, 1000, 1000, 1000, 1000, 1000, 1000, 1000, 1000, 1000, 1000, 1000, 1000, 1000, 1000, 1000, 1000, 1000, 1000, 1000, 1000, 1000, 1000, 1000, 1000, 1000, 1000, 1000, 1000, 1000, 1000, 1000, 1000, 1000, 1000, 1000, 1000, 1000, 1000, 1000, 1000, 1000, 1000, 1000, 1000, 1000, 1000, 1000, 1000, 1000, 1000, 1000, 1000, 1000, 1000, 1000, 1000, 1000, 1000, 1000, 1000, 1000, 1000, 1000, 1000, 1000, 1000, 1000, 1000, 1000, 1000, 1000, 1000, 1000, 1000, 1000, 1000, 1000, 1000, 1000, 1000, 1000, 1000, 1000, 1000, 1000, 1000, 1000, 1000, 1000, 1000, 1000, 1000],