{"initial_reset_timestamp": 1653050296.6097884, "timestamps": [1653050301.3989232, 1653050302.6699605, 1653050303.569232], "episode_lengths": [60, 77, 54], "episode_rewards": [-213.6429886640319, -643.5384599015389, -115.52866665746481], "episode_types": ["t", "t", "t", "t", "t"]}