{"initial_reset_timestamp": 1653050296.1828651, "timestamps": [1653050297.9171643, 1653050299.3505511, 1653050301.3686109, 1653050302.6699467, 1653050303.5692184], "episode_lengths": [67, 80, 60, 77, 54], "episode_rewards": [-201.51860185494928, -118.97337210246158, -213.6429886640319, -643.5384599015389, -115.52866665746481], "episode_types": ["t", "t", "t", "t", "t", "t", "t", "t", "t", "t", "t", "t", "t", "t", "t"]}