{"initial_reset_timestamp": 1653056943.1690443, "timestamps": [1653056944.802842, 1653056946.2196538, 1653056949.938854, 1653056951.6382277, 1653056953.5884626], "episode_lengths": [67, 80, 111, 101, 117], "episode_rewards": [-201.51860185494928, -118.97337210246158, -605.3693462910314, -710.3094656461082, -529.3993826587784], "episode_types": ["t", "t", "t", "t", "t", "t", "t", "t", "t", "t", "t", "t", "t", "t", "t"]}