{"initial_reset_timestamp": 1653056943.5015345, "timestamps": [1653056949.9658425, 1653056951.63824, 1653056953.5884764], "episode_lengths": [111, 101, 117], "episode_rewards": [-605.3693462910314, -710.3094656461082, -529.3993826587784], "episode_types": ["t", "t", "t", "t", "t"]}