{"initial_reset_timestamp": 1653583994.9193902, "timestamps": [1653584026.847757, 1653584028.664449, 1653584030.2327623, 1653584031.7276156, 1653584033.1983922, 1653584034.3996077, 1653584036.2117417, 1653584038.6088035, 1653584040.182362, 1653584041.1822891, 1653584042.64991, 1653584043.9276316, 1653584045.6637492, 1653584046.8337946, 1653584048.5013597, 1653584049.6661377, 1653584051.3331628, 1653584052.8266325, 1653584054.6667423, 1653584055.8337097, 1653584057.545779, 1653584059.7487366, 1653584061.5673428, 1653584063.4849293], "episode_lengths": [64, 106, 94, 90, 88, 72, 109, 69, 93, 60, 88, 77, 104, 70, 100, 70, 100, 90, 110, 70, 103, 65, 109, 115], "episode_rewards": [-82.99805846785108, -105.57705632176805, -142.86775929578178, -148.25640528779655, -183.0880488427847, -114.69501016923041, -100.91158048386751, -123.4951063990784, -133.3482776438076, -68.20081434213449, -142.79930067102222, -226.74507124787232, -291.4197893901871, -215.38121570724599, -101.04164168350545, -104.5498533722411, -119.59221159606207, -336.2187668343827, -101.23228305932784, -192.44466255402492, -389.30736274858555, -50.78943256518383, -191.06737688213326, -336.5777076884802], "episode_types": ["t", "t", "t", "t", "t", "t", "t", "t", "t", "t", "t", "t", "t", "t", "t", "t", "t", "t", "t", "t", "t", "t", "t", "t", "t", "t", "t", "t", "t", "t", "t", "t", "t", "t", "t", "t", "t", "t", "t", "t", "t", "t", "t", "t", "t"]}