{"initial_reset_timestamp": 1653583994.5656288, "timestamps": [1653583996.2211828, 1653583997.654788, 1653584000.1886158, 1653584001.820874, 1653584003.2226374, 1653584005.2225142, 1653584007.1221344, 1653584008.3890617, 1653584009.6725056, 1653584011.3392587, 1653584012.6893334, 1653584014.1308165, 1653584015.9653096, 1653584017.2818565, 1653584018.8449972, 1653584020.1472714, 1653584021.6480129, 1653584023.0976574, 1653584024.4811287, 1653584025.7785888, 1653584026.8477452, 1653584028.6644347, 1653584030.232747, 1653584031.727599, 1653584033.198377, 1653584034.3995914, 1653584036.211733, 1653584038.608789, 1653584040.1823418, 1653584041.1822748, 1653584042.6498928, 1653584043.9276135, 1653584045.6637363, 1653584046.8337693, 1653584048.501344, 1653584049.666122, 1653584051.3331468, 1653584052.8266156, 1653584054.6667275, 1653584055.8336957, 1653584057.5457697, 1653584059.728985, 1653584061.5673268, 1653584063.4849064], "episode_lengths": [67, 80, 74, 97, 84, 120, 114, 76, 72, 99, 81, 82, 110, 79, 94, 78, 90, 87, 83, 78, 64, 106, 94, 90, 88, 72, 109, 69, 93, 60, 88, 77, 104, 70, 100, 70, 100, 90, 110, 70, 103, 65, 109, 115], "episode_rewards": [-201.51860185494928, -118.97337210246158, -112.39400793778736, -76.93933190154851, -84.25109353548152, -123.6597862257357, -74.63659273977703, -82.87218087822393, -67.77134686794233, -215.7303015891185, -85.51384845361838, -277.21350995963434, -284.03060198296924, -305.5443525405545, -113.924092730047, -441.24248480884063, -136.96529656780191, -154.10724596519347, 14.635610186594135, -108.18949991362604, -82.99805846785108, -105.57705632176805, -142.86775929578178, -148.25640528779655, -183.0880488427847, -114.69501016923041, -100.91158048386751, -123.4951063990784, -133.3482776438076, -68.20081434213449, -142.79930067102222, -226.74507124787232, -291.4197893901871, -215.38121570724599, -101.04164168350545, -104.5498533722411, -119.59221159606207, -336.2187668343827, -101.23228305932784, -192.44466255402492, -389.30736274858555, -50.78943256518383, -191.06737688213326, -336.5777076884802], "episode_types": ["t", "t", "t", "t", "t", "t", "t", "t", "t", "t", "t", "t", "t", "t", "t", "t", "t", "t", "t", "t", "t", "t", "t", "t", "t", "t", "t", "t", "t", "t", "t", "t", "t", "t", "t", "t", "t", "t", "t", "t", "t", "t", "t", "t", "t", "t", "t", "t", "t", "t", "t", "t", "t", "t", "t", "t", "t", "t", "t", "t", "t", "t", "t", "t", "t", "t", "t", "t", "t", "t", "t", "t", "t", "t", "t", "t", "t", "t", "t", "t", "t", "t", "t", "t", "t", "t", "t", "t", "t", "t", "t", "t", "t", "t", "t", "t", "t", "t", "t", "t", "t", "t", "t", "t", "t", "t", "t", "t", "t", "t", "t", "t", "t", "t", "t", "t", "t", "t", "t", "t", "t", "t", "t", "t", "t", "t", "t", "t", "t", "t", "t", "t", "t", "t", "t"]}