{"initial_reset_timestamp": 1653583846.4998484, "timestamps": [1653583880.4374375, 1653583881.840608, 1653583884.8056247, 1653583886.689477, 1653583888.3747778, 1653583890.6069393, 1653583893.370947, 1653583902.5437374, 1653583907.5240948, 1653583910.058481, 1653583911.6555371, 1653583913.6079245, 1653583916.6917162, 1653583919.3418329, 1653583921.222652, 1653583923.1549268, 1653583924.7881875, 1653583927.4426887, 1653583930.1902943, 1653583931.7766397, 1653583934.3920941, 1653583937.7838137, 1653583938.9765115], "episode_lengths": [131, 82, 178, 113, 101, 134, 166, 272, 298, 152, 96, 117, 185, 159, 113, 116, 98, 159, 165, 95, 157, 100, 72], "episode_rewards": [-719.0963914945725, -575.7038120487565, -419.2980759927204, -182.63761610451428, -292.3722385535214, -152.45854786762493, -240.0618475190727, -456.5646246823761, -144.98361809636145, -310.7578312058971, -222.47077958656268, -298.63925487543537, -258.5474944169604, -336.8615060631131, -372.80325365533906, -274.5494332808813, -255.56255471977605, -222.34209242124894, -208.3179634847118, -329.8603475700722, -298.99796295469537, -368.8317087981545, -597.6756888024031], "episode_types": ["t", "t", "t", "t", "t", "t", "t", "t", "t", "t", "t", "t", "t", "t", "t", "t", "t", "t", "t", "t", "t", "t", "t", "t", "t", "t", "t", "t", "t", "t", "t", "t", "t", "t", "t", "t", "t", "t", "t", "t", "t", "t", "t", "t"]}