{"initial_reset_timestamp": 1653583846.151923, "timestamps": [1653583847.8131475, 1653583849.2466125, 1653583851.745586, 1653583853.3808935, 1653583854.7813675, 1653583856.7809649, 1653583858.6809318, 1653583859.9474514, 1653583861.2144341, 1653583862.8815126, 1653583864.2309854, 1653583865.6549773, 1653583867.5049596, 1653583868.9051745, 1653583870.439105, 1653583872.0888016, 1653583873.7383227, 1653583875.0736518, 1653583876.156276, 1653583878.2564802, 1653583880.437427, 1653583881.8405938, 1653583884.8056107, 1653583886.6894636, 1653583888.3747625, 1653583890.6069248, 1653583893.370938, 1653583902.5437229, 1653583907.524081, 1653583910.058467, 1653583911.6555266, 1653583913.607911, 1653583916.6917026, 1653583919.3418183, 1653583921.2226415, 1653583923.1549191, 1653583924.7881775, 1653583927.4426749, 1653583930.1902826, 1653583931.7766259, 1653583934.3920813, 1653583937.758016, 1653583938.9765007], "episode_lengths": [67, 80, 74, 97, 84, 120, 114, 76, 72, 99, 81, 82, 111, 84, 92, 99, 99, 80, 65, 126, 131, 82, 178, 113, 101, 134, 166, 272, 298, 152, 96, 117, 185, 159, 113, 116, 98, 159, 165, 95, 157, 100, 72], "episode_rewards": [-201.51860185494928, -118.97337210246158, -112.39400793778736, -76.93933190154851, -84.25109353548152, -123.6597862257357, -74.63659273977703, -82.87218087822393, -72.19548141184737, -215.7303015891185, -85.51384845361838, -277.21350995963434, -175.8099403304587, -395.2822531321022, -150.4698137220623, -506.3142590645932, -192.52128507642144, -343.3571327895143, -75.11544152178732, -401.26046477078177, -719.0963914945725, -575.7038120487565, -419.2980759927204, -182.63761610451428, -292.3722385535214, -152.45854786762493, -240.0618475190727, -456.5646246823761, -144.98361809636145, -310.7578312058971, -222.47077958656268, -298.63925487543537, -258.5474944169604, -336.8615060631131, -372.80325365533906, -274.5494332808813, -255.56255471977605, -222.34209242124894, -208.3179634847118, -329.8603475700722, -298.99796295469537, -368.8317087981545, -597.6756888024031], "episode_types": ["t", "t", "t", "t", "t", "t", "t", "t", "t", "t", "t", "t", "t", "t", "t", "t", "t", "t", "t", "t", "t", "t", "t", "t", "t", "t", "t", "t", "t", "t", "t", "t", "t", "t", "t", "t", "t", "t", "t", "t", "t", "t", "t", "t", "t", "t", "t", "t", "t", "t", "t", "t", "t", "t", "t", "t", "t", "t", "t", "t", "t", "t", "t", "t", "t", "t", "t", "t", "t", "t", "t", "t", "t", "t", "t", "t", "t", "t", "t", "t", "t", "t", "t", "t", "t", "t", "t", "t", "t", "t", "t", "t", "t", "t", "t", "t", "t", "t", "t", "t", "t", "t", "t", "t", "t", "t", "t", "t", "t", "t", "t", "t", "t", "t", "t", "t", "t", "t", "t", "t", "t", "t", "t", "t", "t", "t", "t", "t", "t", "t", "t", "t"]}