{"initial_reset_timestamp": 1653839944.8473628, "timestamps": [1653839949.5588408, 1653839950.9812558, 1653839952.431599], "episode_lengths": [59, 86, 87], "episode_rewards": [-335.5691629572792, -482.545788622083, -454.99287205895655], "episode_types": ["t", "t", "t", "t", "t"]}