{"initial_reset_timestamp": 1653839944.4777174, "timestamps": [1653839946.1456456, 1653839947.5653393, 1653839949.5316358, 1653839950.9812431, 1653839952.4315796], "episode_lengths": [67, 80, 59, 86, 87], "episode_rewards": [-201.51860185494928, -118.97337210246158, -335.5691629572792, -482.545788622083, -454.99287205895655], "episode_types": ["t", "t", "t", "t", "t", "t", "t", "t", "t", "t", "t", "t", "t", "t", "t"]}