{"initial_reset_timestamp": 1651694293.7877364, "timestamps": [1651694303.901143, 1651694305.184984, 1651694306.28506, 1651694309.084037, 1651694310.9022584], "episode_lengths": [64, 77, 66, 84, 103], "episode_rewards": [-98.108178844478, 16.16132961040212, -64.36785827264534, -153.74000787351778, -114.95162786524827], "episode_types": ["t", "t", "t", "t", "t", "t", "t", "t", "t", "t"]}