{"initial_reset_timestamp": 1651694292.3665395, "timestamps": [1651694296.5672076, 1651694298.034633, 1651694299.3183491, 1651694300.9846575, 1651694302.8356237, 1651694303.901129, 1651694305.1849716, 1651694306.2850485, 1651694309.084026, 1651694310.9022427], "episode_lengths": [74, 85, 77, 100, 110, 64, 77, 66, 84, 103], "episode_rewards": [-104.00868497887019, -196.8929395042111, -254.54575581622964, -313.4912134478453, -253.37727770371828, -98.108178844478, 16.16132961040212, -64.36785827264534, -153.74000787351778, -114.95162786524827], "episode_types": ["t", "t", "t", "t", "t", "t", "t", "t", "t", "t", "t", "t", "t", "t", "t", "t", "t", "t", "t", "t"]}