{"initial_reset_timestamp": 1653073022.9763978, "timestamps": [1653073024.7032697, 1653073026.2374551, 1653073028.34479, 1653073029.640401, 1653073030.523559], "episode_lengths": [67, 80, 60, 77, 53], "episode_rewards": [-201.51860185494928, -118.97337210246158, -561.4374386766559, -646.1581533396353, -365.01825577283887], "episode_types": ["t", "t", "t", "t", "t", "t", "t", "t", "t", "t", "t", "t", "t", "t", "t"]}