{"initial_reset_timestamp": 1653073023.3718789, "timestamps": [1653073028.3688126, 1653073029.6404157, 1653073030.5235755], "episode_lengths": [60, 77, 53], "episode_rewards": [-561.4374386766559, -646.1581533396353, -365.01825577283887], "episode_types": ["t", "t", "t", "t", "t"]}