{"initial_reset_timestamp": 1651126165.7616053, "timestamps": [1651126168.4956026, 1651126172.1105664, 1651126172.2848077, 1651126172.3898392, 1651126172.4339435, 1651126172.4717758, 1651126172.515343, 1651126172.562382, 1651126174.9032123, 1651126175.0761566], "episode_lengths": [75, 146, 88, 118, 109, 89, 92, 70, 113, 94], "episode_rewards": [-317.0078966394253, -10.205121320981249, -346.4860092443512, -162.28240046587428, -132.79714803831936, -315.38201651316047, -599.4181432971072, -130.7235173996588, -73.97448510269882, -411.24835156989815], "episode_types": ["t", "t", "t", "t", "t", "t", "t", "t", "t", "t"]}