{"initial_reset_timestamp": 1653056221.9273787, "timestamps": [1653056223.567392, 1653056225.0005302, 1653056227.6516948, 1653056229.2689452, 1653056231.1187055], "episode_lengths": [67, 80, 79, 96, 111], "episode_rewards": [-201.51860185494928, -118.97337210246158, -281.2234778780371, -240.61573571440033, -301.6196028089612], "episode_types": ["t", "t", "t", "t", "t", "t", "t", "t", "t", "t", "t", "t", "t", "t", "t"]}