{"initial_reset_timestamp": 1653056222.2695024, "timestamps": [1653056227.681278, 1653056229.2689571, 1653056231.1187184], "episode_lengths": [79, 96, 111], "episode_rewards": [-281.2234778780371, -240.61573571440033, -301.6196028089612], "episode_types": ["t", "t", "t", "t", "t"]}