{"initial_reset_timestamp": 1653584086.8923202, "timestamps": [1653584091.6999457, 1653584093.1618526, 1653584094.3452985], "episode_lengths": [59, 88, 71], "episode_rewards": [-455.0425400942353, -451.9791614736023, -470.6181151712278], "episode_types": ["t", "t", "t", "t", "t"]}