{"initial_reset_timestamp": 1653584086.53927, "timestamps": [1653584088.2097745, 1653584089.6473784, 1653584091.6763685, 1653584093.161835, 1653584094.3452847], "episode_lengths": [67, 80, 59, 88, 71], "episode_rewards": [-201.51860185494928, -118.97337210246158, -455.0425400942353, -451.9791614736023, -470.6181151712278], "episode_types": ["t", "t", "t", "t", "t", "t", "t", "t", "t", "t", "t", "t", "t", "t", "t"]}