{"initial_reset_timestamp": 1653581743.5265312, "timestamps": [1653581745.1692343, 1653581746.5860584, 1653581748.6698537, 1653581749.6864202, 1653581750.5362353], "episode_lengths": [67, 80, 61, 60, 51], "episode_rewards": [-201.51860185494928, -118.97337210246158, -139.18939548066123, -139.2968711755114, -119.36800082154872], "episode_types": ["t", "t", "t", "t", "t", "t", "t", "t", "t", "t", "t", "t", "t", "t", "t"]}