{"initial_reset_timestamp": 1653581743.8711097, "timestamps": [1653581748.697758, 1653581749.686433, 1653581750.536248], "episode_lengths": [61, 60, 51], "episode_rewards": [-139.18939548066123, -139.2968711755114, -119.36800082154872], "episode_types": ["t", "t", "t", "t", "t"]}