{"initial_reset_timestamp": 1651836505.3906543, "timestamps": [1651836522.278018, 1651836523.4941587, 1651836524.6186967, 1651836526.9364357, 1651836528.1656868, 1651836529.6838338, 1651836531.1295161, 1651836533.0357704, 1651836534.0322094, 1651836535.1157017], "episode_lengths": [73, 73, 61, 68, 74, 91, 87, 114, 60, 65], "episode_rewards": [-229.07070164529935, -125.6987151687716, -110.31159170389998, -152.5813855530971, -195.76878256577388, -173.15613646320446, -318.19730503400984, -629.2970447932613, -180.0556943578872, -160.14438312228947], "episode_types": ["t", "t", "t", "t", "t", "t", "t", "t", "t", "t", "t", "t", "t", "t", "t", "t", "t", "t", "t", "t"]}