{"initial_reset_timestamp": 1651836504.1653824, "timestamps": [1651836507.990232, 1651836509.6916907, 1651836510.9757135, 1651836512.6421168, 1651836514.49248, 1651836515.558337, 1651836516.8425596, 1651836517.942758, 1651836519.358879, 1651836521.0601215, 1651836522.2780035, 1651836523.494146, 1651836524.6186821, 1651836526.9184566, 1651836528.165678, 1651836529.6838253, 1651836531.1295025, 1651836533.0357568, 1651836534.0321994, 1651836535.1156929], "episode_lengths": [74, 85, 77, 100, 110, 64, 77, 66, 84, 102, 73, 73, 61, 68, 74, 91, 87, 114, 60, 65], "episode_rewards": [-104.00868497887019, -196.8929395042111, -254.54575581622964, -313.4912134478453, -253.37727770371828, -98.108178844478, 16.16132961040212, -64.36785827264534, -153.74000787351778, -136.73189187724438, -229.07070164529935, -125.6987151687716, -110.31159170389998, -152.5813855530971, -195.76878256577388, -173.15613646320446, -318.19730503400984, -629.2970447932613, -180.0556943578872, -160.14438312228947], "episode_types": ["t", "t", "t", "t", "t", "t", "t", "t", "t", "t", "t", "t", "t", "t", "t", "t", "t", "t", "t", "t", "t", "t", "t", "t", "t", "t", "t", "t", "t", "t", "t", "t", "t", "t", "t", "t", "t", "t", "t", "t"]}