{"initial_reset_timestamp": 1653966573.7906826, "timestamps": [1653966575.0241175, 1653966575.6322255], "episode_lengths": [67, 80], "episode_rewards": [-211.51860185494928, -128.97337210246158], "episode_types": ["t", "t", "t", "t", "t", "t", "t", "t", "t"]}