{"initial_reset_timestamp": 1653056880.2815151, "timestamps": [1653056881.9491003, 1653056883.38396, 1653056885.900637, 1653056887.335467, 1653056888.4519253], "episode_lengths": [67, 80, 74, 85, 67], "episode_rewards": [-201.51860185494928, -118.97337210246158, -608.6492878656572, -691.3538964972099, -612.0039169688691], "episode_types": ["t", "t", "t", "t", "t", "t", "t", "t", "t", "t", "t", "t", "t", "t", "t"]}