{"initial_reset_timestamp": 1653056880.6453264, "timestamps": [1653056885.929911, 1653056887.3354814, 1653056888.4519382], "episode_lengths": [74, 85, 67], "episode_rewards": [-608.6492878656572, -691.3538964972099, -612.0039169688691], "episode_types": ["t", "t", "t", "t", "t"]}