{"initial_reset_timestamp": 1653582262.519015, "timestamps": [1653582264.1562738, 1653582265.5765889, 1653582267.5914524, 1653582268.9917676, 1653582269.958591], "episode_lengths": [67, 80, 59, 83, 58], "episode_rewards": [-201.51860185494928, -118.97337210246158, -455.0425400942353, -780.9298049768998, -472.3242733149822], "episode_types": ["t", "t", "t", "t", "t", "t", "t", "t", "t", "t", "t", "t", "t", "t", "t"]}