{"initial_reset_timestamp": 1653582262.860306, "timestamps": [1653582267.619874, 1653582268.9917812, 1653582269.9586046], "episode_lengths": [59, 83, 58], "episode_rewards": [-455.0425400942353, -780.9298049768998, -472.3242733149822], "episode_types": ["t", "t", "t", "t", "t"]}