{"initial_reset_timestamp": 1652899677.9182458, "timestamps": [1652900016.9412644, 1652900023.65919, 1652900025.1273067, 1652900028.8299475, 1652900032.349543, 1652900035.3651187, 1652900040.3000944, 1652900045.2003422, 1652900048.8006313, 1652900052.8683488, 1652900055.611582, 1652900057.1659942, 1652900069.1333447, 1652900071.4337058, 1652900079.0163326, 1652900080.6344597, 1652900087.7312088, 1652900090.4346457, 1652900098.4865465, 1652900104.2028627, 1652900113.154008, 1652900115.60362, 1652900121.701005, 1652900126.5676496, 1652900128.7706916, 1652900131.4471447, 1652900136.189275, 1652900144.2058604, 1652900150.0737252, 1652900164.616413, 1652900180.138444, 1652900185.957083, 1652900201.151483, 1652900207.2089102, 1652900209.604731, 1652900213.6426332, 1652900217.7601662, 1652900230.3601582, 1652900233.4270384, 1652900244.6615846, 1652900259.3526657, 1652900262.4539523, 1652900265.9417331, 1652900269.3624907, 1652900273.3603768, 1652900276.7780914, 1652900279.4790545, 1652900282.105615, 1652900284.8128898, 1652900287.243219, 1652900289.9900613, 1652900292.7753096, 1652900295.243634, 1652900297.8054762, 1652900300.5055902, 1652900302.6776407, 1652900305.2973132, 1652900307.9482112, 1652900310.5617502, 1652900313.3818948, 1652900316.441491, 1652900318.9821458, 1652900321.5482469, 1652900324.3172107, 1652900328.4293556, 1652900330.92972, 1652900333.0668578, 1652900335.7656977, 1652900338.2177894, 1652900341.3486962, 1652900343.7773082, 1652900347.3197482, 1652900349.9618955, 1652900352.8521414, 1652900355.483678, 1652900357.7302618, 1652900360.6322699, 1652900362.403942, 1652900365.4697685, 1652900367.3715127, 1652900369.8335946, 1652900372.6004665, 1652900375.2018929, 1652900378.530383, 1652900381.3388457, 1652900383.5887191, 1652900386.4053874, 1652900388.6568003, 1652900391.7542107, 1652900395.7344542, 1652900398.0660515, 1652900400.9569857, 1652900403.182247, 1652900407.3752632, 1652900411.8156445, 1652900415.1544704, 1652900418.5326288, 1652900421.7253642, 1652900423.8892326, 1652900427.4594467, 1652900444.1222892, 1652900460.7873898, 1652900463.6617157, 1652900466.3075755, 1652900482.9823923, 1652900485.606399, 1652900502.2830892, 1652900518.9510856, 1652900524.4998918, 1652900526.4846008, 1652900531.293634, 1652900547.9641986, 1652900552.7312698, 1652900558.6535687, 1652900564.5465274, 1652900572.9330509, 1652900574.739684, 1652900576.4233172, 1652900910.388284, 1652901910.3887942, 1652902117.3887825, 1652902672.3887393, 1652902784.388582, 1652902978.3890598, 1652903066.3880758, 1652903161.388541, 1652903365.3884754, 1652904179.3889618, 1652905179.388718, 1652905559.3914907, 1652905844.3883488, 1652906124.3890548, 1652906464.3857148, 1652906671.388379, 1652907671.3900669, 1652908014.3886209, 1652909014.3881247, 1652909142.388693, 1652909233.3891616, 1652910233.3895464, 1652911233.3890436, 1652912233.3884423, 1652912458.3883111, 1652914459.388359, 1652915460.3884847, 1652916460.387812, 1652917460.389113, 1652917533.3892856, 1652918533.389245, 1652919533.388913, 1652919638.3894885, 1652919807.3886833, 1652920807.388382, 1652921807.3894193, 1652921913.3892002, 1652922913.3882644, 1652923913.3894355, 1652924913.3897524, 1652925913.3886137, 1652926913.3892612, 1652927913.3888187, 1652928913.389029, 1652929913.3893375, 1652930913.388753, 1652931913.3897352, 1652932913.389458, 1652933913.3869784, 1652934913.3894029, 1652935913.389306, 1652936913.38955, 1652937913.3896039, 1652938913.3894098, 1652939913.3893616, 1652940061.6316292, 1652940078.3478866, 1652940095.5858958, 1652940112.3209133, 1652940129.3779216, 1652940146.0416322, 1652940162.712789, 1652940179.476325, 1652940196.1523807, 1652940212.813925, 1652940229.5482447, 1652940246.2781463, 1652940262.956222, 1652940279.6072533, 1652940296.3096108, 1652940313.497146, 1652940330.1566243, 1652940346.8586922, 1652940363.547651, 1652940380.2032955, 1652940396.897006, 1652940413.5632234, 1652940430.216765, 1652940446.9014564, 1652940463.5856256, 1652940480.240694, 1652940496.6572962, 1652940513.3243077, 1652940530.043009, 1652940546.7097118, 1652940563.3883076, 1652940580.0539699, 1652940596.7016096, 1652940613.3714826, 1652940630.0655007, 1652940641.568706, 1652940658.2252197, 1652940674.8920097, 1652940691.5722861, 1652940708.2638686, 1652940724.9332075, 1652940734.665586, 1652940751.3484025, 1652940768.0058978, 1652940784.6885197, 1652940801.3583474, 1652940818.0524514, 1652940834.7247844, 1652940851.194056, 1652940867.8781974, 1652940884.5625992, 1652940901.2542248, 1652940917.922838, 1652940934.614156, 1652940951.3026376, 1652940967.9864228, 1652940984.642175, 1652941001.3262837, 1652941017.9761128, 1652941034.6647527, 1652941051.3381524, 1652941067.9973583, 1652941084.6973107, 1652941101.4016936, 1652941118.0526776, 1652941134.7325253, 1652941151.3998787, 1652941168.0763113, 1652941184.7225118, 1652941201.3405066, 1652941218.0598867, 1652941234.7435439, 1652941251.4118216, 1652941268.0947528, 1652941284.7502823, 1652941301.44553, 1652941318.0976686, 1652941334.7804139, 1652941351.4809833, 1652941368.1525474, 1652941384.8535066, 1652941401.52387, 1652941418.181765, 1652941434.8584907, 1652941451.5171347, 1652941468.2043223, 1652941484.8610342, 1652941501.5384707, 1652941518.2194602, 1652941534.899992, 1652941551.642345, 1652941568.3020418, 1652941584.9851613, 1652941601.635955, 1652941618.3032615, 1652941634.997538, 1652941651.7761598, 1652941668.474911, 1652941685.137977, 1652941701.8344908, 1652941717.9777126, 1652941733.4748373, 1652941750.1871347, 1652941766.841926, 1652941783.536455, 1652941800.1812403, 1652941816.9635265, 1652941833.6256113, 1652941850.3307364, 1652941867.0372024, 1652941883.7091238, 1652941900.4460924, 1652941917.1410851, 1652941933.8253586, 1652941950.8752108, 1652941968.8870382, 1652941985.6530483, 1652942002.4369028, 1652942019.1334627, 1652942035.897648, 1652942052.6112678, 1652942069.510478, 1652942088.2237453, 1652942105.6248162, 1652942122.4821672, 1652942139.239302, 1652942157.1424358], "episode_lengths": [189, 403, 88, 222, 211, 181, 296, 294, 216, 244, 165, 93, 718, 138, 455, 97, 210, 161, 483, 343, 537, 147, 366, 292, 132, 161, 284, 481, 352, 873, 931, 349, 912, 363, 144, 242, 247, 756, 184, 674, 882, 186, 209, 201, 240, 205, 162, 158, 162, 146, 165, 167, 148, 154, 162, 130, 157, 159, 157, 169, 184, 152, 154, 166, 247, 150, 128, 162, 147, 188, 146, 212, 159, 173, 158, 135, 174, 106, 184, 114, 148, 166, 156, 200, 168, 135, 169, 135, 186, 239, 140, 173, 134, 251, 267, 200, 203, 191, 130, 214, 1000, 1000, 172, 159, 1000, 158, 1000, 1000, 333, 119, 289, 1000, 286, 355, 354, 503, 108, 101, 1000, 1000, 207, 555, 112, 194, 88, 95, 204, 814, 1000, 380, 285, 280, 340, 206, 1000, 343, 1000, 128, 91, 1000, 1000, 1000, 225, 1000, 1000, 1000, 1000, 73, 1000, 1000, 105, 169, 1000, 1000, 106, 1000, 1000, 1000, 1000, 1000, 1000, 1000, 1000, 1000, 1000, 1000, 1000, 1000, 1000, 1000, 1000, 1000, 1000, 1000, 1000, 1000, 1000, 1000, 1000, 1000, 1000, 1000, 1000, 1000, 1000, 1000, 1000, 1000, 1000, 1000, 1000, 1000, 1000, 1000, 1000, 1000, 1000, 1000, 1000, 984, 1000, 1000, 1000, 1000, 1000, 1000, 1000, 1000, 691, 1000, 1000, 1000, 1000, 1000, 584, 1000, 1000, 1000, 1000, 1000, 1000, 989, 1000, 1000, 1000, 1000, 1000, 1000, 1000, 1000, 1000, 1000, 1000, 1000, 1000, 1000, 1000, 1000, 1000, 1000, 1000, 1000, 997, 1000, 1000, 1000, 1000, 1000, 1000, 1000, 1000, 1000, 1000, 1000, 1000, 1000, 1000, 1000, 1000, 1000, 1000, 1000, 1000, 1000, 1000, 1000, 1000, 1000, 1000, 1000, 1000, 1000, 1000, 968, 930, 1000, 1000, 1000, 1000, 1000, 1000, 1000, 1000, 1000, 1000, 1000, 1000, 1000, 1000, 1000, 1000, 1000, 1000, 1000, 1000, 1000, 1000, 1000, 1000, 1000],