{"initial_reset_timestamp": 1653899488.6809728, "timestamps": [1653899491.9234111, 1653899495.0363958, 1653899496.2413664, 1653899497.290428, 1653899498.2093136], "episode_lengths": [74, 90, 70, 63, 55], "episode_rewards": [-333.6357465178351, -471.9601297695457, -317.5601880412678, -215.8984236904528, -192.13346946384527], "episode_types": ["t", "t", "t", "t", "t"]}