{"initial_reset_timestamp": 1653050204.5655334, "timestamps": [1653050209.388857, 1653050211.063384, 1653050212.0804563], "episode_lengths": [61, 101, 61], "episode_rewards": [-123.55157548671787, -280.77712220612227, -126.22292571622114], "episode_types": ["t", "t", "t", "t", "t"]}