{"initial_reset_timestamp": 1653050204.2335505, "timestamps": [1653050205.879234, 1653050207.2958574, 1653050209.3642201, 1653050211.0633717, 1653050212.0804431], "episode_lengths": [67, 80, 61, 101, 61], "episode_rewards": [-201.51860185494928, -118.97337210246158, -123.55157548671787, -280.77712220612227, -126.22292571622114], "episode_types": ["t", "t", "t", "t", "t", "t", "t", "t", "t", "t", "t", "t", "t", "t", "t"]}