{"initial_reset_timestamp": 1653049687.3487978, "timestamps": [1653049688.970014, 1653049690.387598, 1653049692.8035061, 1653049694.3052995, 1653049695.6203725], "episode_lengths": [67, 80, 71, 89, 79], "episode_rewards": [-201.51860185494928, -118.97337210246158, -59.75246083967028, -294.3582344642706, -104.79715159316913], "episode_types": ["t", "t", "t", "t", "t", "t", "t", "t", "t", "t", "t", "t", "t", "t", "t"]}