{"initial_reset_timestamp": 1653049687.6686487, "timestamps": [1653049692.827617, 1653049694.305312, 1653049695.6203856], "episode_lengths": [71, 89, 79], "episode_rewards": [-59.75246083967028, -294.3582344642706, -104.79715159316913], "episode_types": ["t", "t", "t", "t", "t"]}