{"initial_reset_timestamp": 1652894218.932356, "timestamps": [1652894564.6485693, 1652894568.2585046, 1652894570.508924, 1652894573.9576008, 1652894577.0187812, 1652894584.543335, 1652894587.5107284, 1652894592.0189335, 1652894595.3217242, 1652894600.0547059, 1652894604.755262, 1652894608.9453871, 1652894621.563833, 1652894628.144177, 1652894637.9785805, 1652894653.3582923, 1652894688.3287938, 1652894705.8279145, 1652894723.0256581, 1652894739.9653604, 1652894756.8655584, 1652894773.9322526, 1652894791.193484, 1652894794.203148, 1652894811.511904, 1652894828.182578, 1652894845.4615352, 1652894862.5984895, 1652894879.757541, 1652894896.9217908, 1652894914.3938365, 1652894931.6479604, 1652894949.0726764, 1652894966.0882688, 1652894983.0723634, 1652895000.8699515, 1652895017.9259295, 1652895035.1497645, 1652895052.2568433, 1652895069.941277, 1652895073.5784237, 1652895091.1452878, 1652895108.7020764, 1652895127.118866, 1652895145.0992167, 1652895162.701065, 1652895180.806501, 1652895198.5937488, 1652895216.2897804, 1652895234.0653086, 1652895251.9855556, 1652895270.2935297, 1652895288.4575539, 1652895306.7236433, 1652895324.693486, 1652895342.307919, 1652895358.9770832, 1652895375.650827, 1652895392.3080766, 1652895409.0154612, 1652895425.6795099, 1652895442.352238, 1652895459.0179565, 1652895475.6876273, 1652895492.3510785, 1652895509.0212193, 1652895525.6823518, 1652895542.5874465, 1652895560.757293, 1652895578.6745064, 1652895597.286436, 1652895615.6088746, 1652895633.4559066, 1652895651.8576546, 1652895669.911979, 1652895688.1738682, 1652895706.5405536, 1652895725.0808868, 1652895743.3561614, 1652895761.3090398, 1652895779.557704, 1652895797.968087, 1652895816.3211195, 1652895834.379189, 1652895852.3383315, 1652895870.35722, 1652895888.2079043, 1652895906.3243196, 1652895924.3147178, 1652895941.8976276, 1652895958.5687408, 1652895975.3906436, 1652895992.261894, 1652896008.9552016, 1652896025.7326887, 1652896043.1995344, 1652896061.9285216, 1652896079.5848825, 1652896097.281679, 1652896114.9517848, 1652896132.6844804, 1652896150.7397873, 1652896168.5405362, 1652896186.7042341, 1652896204.724377, 1652896222.4946373, 1652896240.0248933, 1652896257.72134, 1652896276.0744178, 1652896293.7252843, 1652896311.7961843, 1652896329.5723302, 1652896347.5022926, 1652896365.334056, 1652896383.2361436, 1652896401.2978356, 1652896418.781245, 1652896436.5061657, 1652896454.6713085, 1652896472.6403604, 1652896490.035846, 1652896507.194445, 1652896524.77258, 1652896541.4558449, 1652896558.1223776, 1652896574.9158323, 1652896592.4793766, 1652896611.7411528, 1652896631.4499426, 1652896651.1623263, 1652896668.5009732, 1652896685.876239, 1652896703.376666, 1652896720.1156006, 1652896736.8981948, 1652896753.6848269, 1652896770.5184867, 1652896787.1858394, 1652896803.9557004, 1652896820.6234648, 1652896837.5066028, 1652896854.2784355, 1652896870.9385173, 1652896904.862931, 1652896922.2459831, 1652896941.596704, 1652896960.1959472, 1652896979.6390018, 1652896998.213728, 1652897018.2868814, 1652897038.3295257, 1652897056.2960553, 1652897073.58891, 1652897090.658004, 1652897108.084029, 1652897125.5667596, 1652897144.4821453, 1652897163.9112146, 1652897184.2396028, 1652897201.0450733, 1652897218.237952, 1652897235.3398793, 1652897256.333667, 1652897274.8853102, 1652897292.500536, 1652897309.4440205, 1652897326.2565954, 1652897343.8319676, 1652897359.9832602, 1652897376.8803844, 1652897393.8553343, 1652897410.8339489, 1652897427.9044657, 1652897443.1240246, 1652897460.1747203, 1652897479.7372236, 1652897498.3387983, 1652897511.7602253, 1652897532.6867456, 1652897549.702069, 1652897553.2211301, 1652897569.8881736, 1652897578.5726073, 1652897601.7132866, 1652897620.2807891, 1652897632.3777394, 1652897652.854205, 1652897668.0680678, 1652897686.8352816, 1652897704.6244338, 1652897722.5760334, 1652897737.331777, 1652897754.2949524, 1652897771.213348, 1652897790.460406, 1652897796.4643588, 1652897816.1725907, 1652897829.79968, 1652897838.0090733, 1652897857.3972838, 1652897864.8695822, 1652897884.1312456, 1652897898.5659163, 1652897905.4347177, 1652897924.9550416, 1652897939.472071, 1652897956.1414595, 1652897966.4942253, 1652897983.1578908, 1652897999.822979, 1652898016.4989398, 1652898033.1627595, 1652898038.8538616, 1652898051.3720114, 1652898062.9381611, 1652898072.7774682, 1652898090.1083248, 1652898106.7780635, 1652898119.5091033, 1652898126.8828855, 1652898143.5565593, 1652898158.0498514, 1652898175.580765, 1652898182.9689956, 1652898194.0106218, 1652898209.5745687, 1652898223.53053, 1652898240.2109237, 1652898256.8960435, 1652898273.5893197, 1652898283.3740258, 1652898300.077097, 1652898316.7785792, 1652898328.9121115, 1652898345.5843756, 1652898362.2748187, 1652898378.979891, 1652898395.7012281, 1652898412.5320218, 1652898429.2581017, 1652898446.0834842, 1652898462.8672984, 1652898479.6972513, 1652898496.7972314, 1652898513.8261387, 1652898530.8772316, 1652898547.976532, 1652898565.2636037, 1652898581.948562, 1652898598.6315799, 1652898615.3229666, 1652898631.9836657, 1652898648.6532981, 1652898665.3925593, 1652898682.086208, 1652898698.7541115, 1652898715.4228647, 1652898732.0914745, 1652898748.7738104, 1652898765.4458442, 1652898782.1159039, 1652898798.8346534, 1652898815.505099, 1652898832.2566721, 1652898848.988926, 1652898865.8737817, 1652898882.816131, 1652898899.9016087, 1652898917.090541, 1652898925.7958245, 1652898943.0775995, 1652898960.8943264, 1652898979.5690906, 1652898983.360888, 1652898993.5487146, 1652899011.2152004, 1652899030.5881174, 1652899050.0365167, 1652899068.7563593, 1652899088.8725739, 1652899110.9074552, 1652899117.8368242, 1652899139.3628309, 1652899148.7203386, 1652899167.345485, 1652899172.8382347, 1652899179.1054568, 1652899185.9610636, 1652899191.546601, 1652899209.7747824, 1652899228.0890775, 1652899236.3486383, 1652899244.3291724, 1652899251.4904628, 1652899259.2735014, 1652899277.799958, 1652899296.3340652, 1652899304.0686429, 1652899320.9456763, 1652899328.9542704], "episode_lengths": [379, 214, 129, 203, 174, 441, 176, 267, 198, 271, 273, 244, 716, 378, 582, 915, 1000, 1000, 1000, 1000, 1000, 1000, 1000, 179, 1000, 1000, 1000, 1000, 1000, 1000, 1000, 1000, 1000, 1000, 1000, 1000, 1000, 1000, 1000, 1000, 200, 1000, 1000, 1000, 1000, 1000, 1000, 1000, 1000, 1000, 1000, 1000, 1000, 1000, 1000, 1000, 1000, 1000, 1000, 1000, 1000, 1000, 1000, 1000, 1000, 1000, 1000, 1000, 1000, 1000, 1000, 1000, 1000, 1000, 1000, 1000, 1000, 1000, 1000, 1000, 1000, 1000, 1000, 1000, 1000, 1000, 1000, 1000, 1000, 1000, 1000, 1000, 1000, 1000, 1000, 1000, 1000, 1000, 1000, 1000, 1000, 1000, 1000, 1000, 1000, 1000, 1000, 1000, 1000, 1000, 1000, 1000, 1000, 1000, 1000, 1000, 1000, 1000, 1000, 1000, 1000, 1000, 1000, 1000, 1000, 1000, 1000, 1000, 1000, 1000, 1000, 1000, 1000, 1000, 1000, 1000, 1000, 1000, 1000, 1000, 1000, 1000, 1000, 1000, 1000, 1000, 1000, 1000, 1000, 1000, 1000, 1000, 1000, 1000, 1000, 1000, 1000, 1000, 1000, 1000, 1000, 1000, 1000, 1000, 1000, 1000, 1000, 1000, 953, 1000, 1000, 1000, 1000, 891, 1000, 983, 1000, 724, 1000, 1000, 211, 1000, 510, 1000, 1000, 617, 1000, 775, 1000, 1000, 1000, 767, 1000, 1000, 1000, 354, 1000, 709, 424, 1000, 387, 1000, 758, 351, 1000, 871, 1000, 621, 1000, 1000, 1000, 1000, 342, 751, 683, 569, 1000, 1000, 761, 443, 1000, 846, 1000, 418, 658, 932, 838, 1000, 1000, 1000, 587, 1000, 1000, 728, 1000, 1000, 1000, 1000, 1000, 1000, 1000, 1000, 1000, 1000, 1000, 1000, 1000, 1000, 1000, 1000, 1000, 1000, 1000, 1000, 1000, 1000, 1000, 1000, 1000, 1000, 1000, 1000, 1000, 1000, 1000, 1000, 1000, 1000, 1000, 506, 1000, 1000, 1000, 205, 577, 1000, 1000, 1000, 1000, 1000, 1000, 313, 1000, 463, 1000, 302, 347, 377, 308, 1000, 1000, 452, 437, 389, 425, 1000, 1000, 417, 906, 431],