{"initial_reset_timestamp": 1653056521.4594398, "timestamps": [1653056523.0822704, 1653056524.5320365, 1653056528.2676919, 1653056529.9673634, 1653056531.9174743], "episode_lengths": [67, 80, 111, 101, 117], "episode_rewards": [-201.51860185494928, -118.97337210246158, -605.3693462910314, -710.3094656461082, -529.3993826587784], "episode_types": ["t", "t", "t", "t", "t", "t", "t", "t", "t", "t", "t", "t", "t", "t", "t"]}