{"initial_reset_timestamp": 1653056521.7810493, "timestamps": [1653056528.2966404, 1653056529.9673765, 1653056531.9174871], "episode_lengths": [111, 101, 117], "episode_rewards": [-605.3693462910314, -710.3094656461082, -529.3993826587784], "episode_types": ["t", "t", "t", "t", "t"]}