{"initial_reset_timestamp": 1653928941.976512, "timestamps": [1653928943.5382073, 1653928943.8905728, 1653928945.53586, 1653928945.618403, 1653928945.6394267, 1653928945.6891208, 1653928945.7597315, 1653928945.815028, 1653928946.2531, 1653928946.5080678, 1653928946.5284357, 1653928946.9869516, 1653928947.3082068, 1653928948.0203102, 1653928948.4231973, 1653928948.6655176, 1653928949.0651083, 1653928949.3616414, 1653928949.6387131, 1653928949.9058003, 1653928950.1208203, 1653928950.4296196, 1653928950.742093, 1653928951.6379328, 1653928952.2555454, 1653928952.605708, 1653928952.9789135, 1653928953.343543, 1653928953.6982474, 1653928953.9321284, 1653928954.1446362, 1653928954.3963122, 1653928954.6562288, 1653928954.9193056, 1653928955.261011, 1653928955.9364674, 1653928956.4144878], "episode_lengths": [67, 80, 74, 97, 84, 120, 114, 76, 72, 99, 81, 82, 106, 142, 123, 84, 70, 89, 102, 96, 74, 90, 117, 102, 98, 98, 115, 84, 109, 79, 70, 87, 90, 88, 119, 92, 89], "episode_rewards": [-211.51860185494928, -128.97337210246158, -122.39400793778736, -96.93933190154851, -104.25109353548152, -143.6597862257357, -74.63659273977703, -102.87218087822393, -82.19548141184737, -225.7303015891185, -95.51384845361838, -287.21350995963434, -333.91331320382767, -286.5286822730779, -536.1671516920437, -157.0233224572357, -156.66346898172532, -161.6976113222431, -229.5648266546907, -209.3064952893776, -100.70592748008099, -163.74161593954426, -105.00113773657364, -48.79990363896039, -152.35505226210591, -103.23749773011866, -112.5778513064343, -225.88821405581868, -143.04795019609898, -166.971752684151, -153.17516035438314, -81.23153784942497, -148.96813393812846, -119.60077467318928, -297.28238046918466, -89.4386506969038, -221.48151404897507], "episode_types": ["t", "t", "t", "t", "t", "t", "t", "t", "t", "t", "t", "t", "t", "t", "t", "t", "t", "t", "t", "t", "t", "t", "t", "t", "t", "t", "t", "t", "t", "t", "t", "t", "t", "t", "t", "t", "t", "t", "t", "t", "t", "t", "t", "t", "t", "t", "t", "t", "t", "t", "t", "t", "t", "t", "t", "t", "t", "t", "t", "t", "t", "t", "t", "t", "t", "t", "t", "t", "t", "t", "t", "t", "t", "t", "t", "t", "t", "t", "t", "t", "t", "t", "t", "t", "t", "t", "t", "t", "t", "t", "t", "t", "t", "t", "t", "t", "t", "t", "t", "t", "t", "t", "t", "t", "t", "t", "t", "t", "t", "t", "t", "t", "t", "t"]}