{"initial_reset_timestamp": 1652153825.664652, "timestamps": [1652153828.5729697, 1652153830.0389695, 1652153831.32284, 1652153832.9883835, 1652153834.8885374, 1652153835.9533076, 1652153837.2383091, 1652153838.3371482], "episode_lengths": [74, 85, 77, 100, 110, 64, 77, 66], "episode_rewards": [-108.30868497887018, -200.77293950421108, -258.00575581622957, -319.8112134478453, -261.23727770371835, -101.02817884447794, 11.921329610402154, -67.62785827264534], "episode_types": ["t", "t", "t", "t", "t", "t", "t", "t", "t", "t", "t", "t", "t", "t", "t", "t", "t", "t"]}