{"initial_reset_timestamp": 1652637241.486454, "timestamps": [1652637245.974171, 1652637247.490717, 1652637249.9583316, 1652637251.5915866, 1652637252.992158, 1652637254.9917572, 1652637256.8913093, 1652637258.158149, 1652637259.4917996, 1652637261.1585782, 1652637262.5083113, 1652637264.382738, 1652637266.1500165, 1652637268.533575, 1652637269.8826334, 1652637271.2668245, 1652637272.5196984, 1652637273.6960406, 1652637274.964394, 1652637276.329531, 1652637277.301467, 1652637278.2449293, 1652637279.7174215, 1652637280.7030137, 1652637282.100372, 1652637283.784113, 1652637284.7852628, 1652637286.599592, 1652637287.5514932, 1652637289.5351558, 1652637290.8839405, 1652637292.2684262, 1652637293.7005045, 1652637294.9322522, 1652637296.0474036, 1652637297.4035106, 1652637298.6526058, 1652637299.9037206, 1652637301.3357928, 1652637302.2863524, 1652637303.2195678, 1652637305.5523674, 1652637306.6699748, 1652637307.9031107, 1652637309.4210324, 1652637310.5183635, 1652637311.6528053, 1652637312.9331858, 1652637314.10301, 1652637315.3205986], "episode_lengths": [67, 80, 74, 97, 84, 120, 114, 76, 72, 99, 81, 82, 106, 143, 81, 83, 75, 71, 76, 82, 58, 54, 88, 59, 84, 101, 60, 51, 56, 119, 81, 83, 86, 74, 67, 81, 75, 75, 86, 57, 56, 69, 66, 74, 91, 66, 68, 77, 70, 73], "episode_rewards": [-201.51860185494928, -118.97337210246158, -112.39400793778736, -76.93933190154851, -84.25109353548152, -123.6597862257357, -74.63659273977703, -82.87218087822393, -67.77134686794233, -189.6251340436922, -85.51384845361838, -277.21350995963434, -323.91331320382767, -260.46399046147343, -379.5080920211673, -164.33708783566613, -337.6833730790002, -45.38517422212203, -183.95607485174776, -370.8598993670281, -134.38368802048953, -124.76065458849934, -106.13558142265563, -117.37489646644062, -100.21182026616768, -268.8205340890537, -76.7466191596665, -84.18838726172322, -95.59071460813223, -491.20790613507893, -311.22952177755315, 0.006564206294285668, -576.7909021514315, -321.7510333064647, -508.90708170414047, -572.340496762618, -256.1540245583056, -441.992220937627, -457.9884030507131, -340.20338096032503, -403.85130140148726, -502.16896220683157, -198.9868298755865, -317.6936142979365, -591.3489538534346, -458.8336304487747, -518.8774596361488, -718.1977732690088, -629.300277541158, -593.4912324158756], "episode_types": ["t", "t", "t", "t", "t", "t", "t", "t", "t", "t", "t", "t", "t", "t", "t", "t", "t", "t", "t", "t", "t", "t", "t", "t", "t", "t", "t", "t", "t", "t", "t", "t", "t", "t", "t", "t", "t", "t", "t", "t", "t", "t", "t", "t", "t", "t", "t", "t", "t", "t", "t", "t", "t", "t", "t", "t", "t", "t", "t", "t", "t", "t", "t", "t", "t", "t", "t", "t", "t", "t", "t", "t", "t", "t", "t", "t", "t", "t", "t", "t", "t", "t", "t", "t", "t", "t", "t", "t", "t", "t", "t", "t", "t", "t", "t", "t", "t", "t", "t", "t", "t", "t", "t", "t", "t", "t", "t", "t", "t", "t", "t", "t", "t", "t", "t", "t", "t", "t", "t", "t", "t", "t", "t", "t", "t", "t", "t", "t", "t", "t", "t", "t", "t", "t", "t", "t", "t", "t", "t", "t", "t", "t", "t", "t", "t", "t", "t", "t", "t", "t"]}