{"initial_reset_timestamp": 1652637244.51401, "timestamps": [1652637277.301482, 1652637278.2449367, 1652637279.717435, 1652637280.7030292, 1652637282.1003852, 1652637283.7841356, 1652637284.7852764, 1652637286.5996025, 1652637287.5515082, 1652637289.535169, 1652637290.883951, 1652637292.2684402, 1652637293.700515, 1652637294.9322624, 1652637296.047411, 1652637297.4035246, 1652637298.65262, 1652637299.9037366, 1652637301.335806, 1652637302.2863667, 1652637303.2195814, 1652637305.5739136, 1652637306.6699858, 1652637307.9031248, 1652637309.4210467, 1652637310.5183744, 1652637311.6528187, 1652637312.9331958, 1652637314.1030235, 1652637315.320612], "episode_lengths": [58, 54, 88, 59, 84, 101, 60, 51, 56, 119, 81, 83, 86, 74, 67, 81, 75, 75, 86, 57, 56, 69, 66, 74, 91, 66, 68, 77, 70, 73], "episode_rewards": [-134.38368802048953, -124.76065458849934, -106.13558142265563, -117.37489646644062, -100.21182026616768, -268.8205340890537, -76.7466191596665, -84.18838726172322, -95.59071460813223, -491.20790613507893, -311.22952177755315, 0.006564206294285668, -576.7909021514315, -321.7510333064647, -508.90708170414047, -572.340496762618, -256.1540245583056, -441.992220937627, -457.9884030507131, -340.20338096032503, -403.85130140148726, -502.16896220683157, -198.9868298755865, -317.6936142979365, -591.3489538534346, -458.8336304487747, -518.8774596361488, -718.1977732690088, -629.300277541158, -593.4912324158756], "episode_types": ["t", "t", "t", "t", "t", "t", "t", "t", "t", "t", "t", "t", "t", "t", "t", "t", "t", "t", "t", "t", "t", "t", "t", "t", "t", "t", "t", "t", "t", "t", "t", "t", "t", "t", "t", "t", "t", "t", "t", "t", "t", "t", "t", "t", "t", "t", "t", "t", "t", "t"]}