{"initial_reset_timestamp": 1653049417.2409031, "timestamps": [1653049418.9563785, 1653049420.37316, 1653049422.490133, 1653049423.50711, 1653049424.3560336], "episode_lengths": [67, 80, 61, 60, 51], "episode_rewards": [-201.51860185494928, -118.97337210246158, -139.18939548066123, -139.2968711755114, -119.36800082154872], "episode_types": ["t", "t", "t", "t", "t", "t", "t", "t", "t", "t", "t", "t", "t", "t", "t"]}