{"initial_reset_timestamp": 1653049417.5761528, "timestamps": [1653049422.5181925, 1653049423.5071235, 1653049424.3560429], "episode_lengths": [61, 60, 51], "episode_rewards": [-139.18939548066123, -139.2968711755114, -119.36800082154872], "episode_types": ["t", "t", "t", "t", "t"]}