{"initial_reset_timestamp": 1653900239.3802726, "timestamps": [1653900241.1516876, 1653900242.6204007, 1653900245.1004682, 1653900246.7536142, 1653900248.155472, 1653900250.1537905, 1653900252.04927, 1653900253.3359199], "episode_lengths": [67, 80, 74, 97, 84, 120, 114, 76], "episode_rewards": [-201.51860185494928, -118.97337210246158, -112.39400793778736, -76.93933190154851, -84.25109353548152, -123.6597862257357, -74.63659273977703, -82.87218087822393], "episode_types": ["t", "t", "t", "t", "t", "t", "t", "t", "t", "t", "t", "t", "t", "t", "t", "t", "t", "t", "t", "t", "t", "t", "t", "t", "t", "t", "t"]}