{"initial_reset_timestamp": 1652755581.4166417, "timestamps": [1652755923.5478153, 1652755927.2064266, 1652755943.9552794, 1652755960.651671, 1652755977.3502905, 1652755979.0093932, 1652755995.8182578, 1652756012.5403697, 1652756029.2997532, 1652756046.0224895, 1652756062.7004733, 1652756079.45808, 1652756096.2073288, 1652756112.9744606, 1652756129.6599295, 1652756146.3752964, 1652756179.9312534, 1652756196.7321818, 1652756213.4287872, 1652756222.7466993, 1652756239.513812, 1652756250.5821338, 1652756263.8915737, 1652756278.568731, 1652756295.3038425, 1652756312.0198872, 1652756321.970468, 1652756338.6854413, 1652756355.3556352, 1652756366.8224597, 1652756383.5539896, 1652756400.2763443, 1652756413.505457, 1652756430.1900568, 1652756437.6818073, 1652756447.6623328, 1652756459.878013, 1652756466.987779, 1652756483.69731, 1652756492.8628733, 1652756509.548564, 1652756526.215097, 1652756542.8829768, 1652756559.686107, 1652756566.968403, 1652756583.6333869, 1652756592.2518768, 1652756605.9517322, 1652756622.6202748, 1652756626.8721235, 1652756643.587714, 1652756650.2872212, 1652756660.303893, 1652756663.7575848, 1652756675.4219859, 1652756682.325679, 1652756698.992613, 1652756715.6785316, 1652756732.3899179, 1652756737.241237, 1652756754.024649, 1652756767.4875448, 1652756784.1600509, 1652756800.8292346, 1652756817.4992359, 1652756824.2961602, 1652756833.2637951, 1652756849.9603088, 1652756866.614326, 1652756883.2820168, 1652756898.685265, 1652756903.2851818, 1652756917.3505006, 1652756922.1037264, 1652756938.2370229, 1652756954.9048953, 1652756971.5702, 1652756975.7496538, 1652756992.4052088, 1652757000.5716634, 1652757017.2399163, 1652757025.0565777, 1652757041.7429173, 1652757058.4622927, 1652757075.128883, 1652757091.7941802, 1652757108.461466, 1652757125.146314, 1652757141.8267584, 1652757158.4814441, 1652757175.1517413, 1652757191.832891, 1652757208.500454, 1652757225.2326827, 1652757241.8923576, 1652757258.5538578, 1652757275.2249663, 1652757291.8894255, 1652757308.5594823, 1652757325.2309163, 1652757341.892289, 1652757358.5595975, 1652757375.230928, 1652757391.8945634, 1652757408.563072, 1652757425.2303748, 1652757441.8974838, 1652757458.5656831, 1652757475.2335718, 1652757491.9012775, 1652757508.590082, 1652757525.252078, 1652757541.9682713, 1652757558.6037312, 1652757575.2763932, 1652757591.9399238, 1652757608.6070657, 1652757625.274745, 1652757641.9432492, 1652757658.6103857, 1652757675.2779791, 1652757691.944565, 1652757708.62331, 1652758103.7642817, 1652759103.7635381, 1652760103.7688797, 1652761103.7694218, 1652762103.7680476, 1652763103.769948, 1652764103.769752, 1652764913.0075853, 1652764929.6763558, 1652765338.7648537, 1652766339.7723565, 1652767339.769151, 1652768339.763998, 1652769339.7724743, 1652770339.7648869, 1652771339.764292, 1652772148.0363855, 1652772164.703956, 1652772181.3897483, 1652772200.3426487, 1652772237.899815, 1652772255.6864781, 1652772278.0260735, 1652772297.7000415, 1652772315.1797245, 1652772332.0137522, 1652772348.9525948, 1652772365.6801944, 1652772382.5492787, 1652772399.348694, 1652772416.0316472, 1652772433.8977287, 1652772450.6194158, 1652772467.5660057, 1652772484.3698828, 1652772501.2932644, 1652772518.2298498, 1652772535.4547825, 1652772552.990668, 1652772573.0563962, 1652772590.3396091, 1652772607.6110048, 1652772624.9021215, 1652772642.5355885, 1652772660.6858728, 1652772679.2540987, 1652772696.7199492, 1652772713.8281164, 1652772730.5735154, 1652772749.3484306, 1652772769.0071406, 1652772788.7829502, 1652772808.3254967, 1652772827.9208865, 1652772847.7874737, 1652772868.1570163, 1652772887.4860175, 1652772904.9727526, 1652772922.600051, 1652772940.3668053, 1652772957.5861857, 1652772974.2572107, 1652772990.922011, 1652773007.5861125, 1652773024.269109, 1652773040.9279842, 1652773057.6634133, 1652773075.357107, 1652773092.3192644, 1652773109.3931384, 1652773126.196568, 1652773143.0153236, 1652773160.415286, 1652773178.735724, 1652773195.784267, 1652773213.3647609, 1652773230.4138827, 1652773247.7479317, 1652773264.9691556, 1652773283.5736637, 1652773301.526104, 1652773320.054993, 1652773339.27564, 1652773357.178582, 1652773374.1281898, 1652773393.922515, 1652773412.117288, 1652773430.417265, 1652773448.1436992, 1652773467.1387718, 1652773485.633946, 1652773505.1660776, 1652773523.66313, 1652773541.3713112, 1652773560.0941381, 1652773577.270711, 1652773594.500281, 1652773611.7077334, 1652773629.9903834, 1652773648.8343866, 1652773668.2051756, 1652773687.790898, 1652773708.1472065, 1652773727.9883626, 1652773746.9687824, 1652773766.092458, 1652773786.4018857, 1652773805.5654492, 1652773826.4355907, 1652773846.7124326, 1652773867.3182657, 1652773886.3851955, 1652773906.169924, 1652773926.273188, 1652773947.4421659, 1652773967.130955, 1652773985.169569, 1652774002.8892128, 1652774021.3403394, 1652774038.3619676, 1652774055.6256144, 1652774075.2803042, 1652774093.7853208, 1652774110.8820784, 1652774128.2669356, 1652774146.1403723, 1652774164.0723267, 1652774181.5968373, 1652774199.1280673, 1652774217.8491414, 1652774236.1895854, 1652774254.4183867, 1652774272.9330032, 1652774291.8636425, 1652774312.0578377, 1652774332.0942802, 1652774353.4103012, 1652774384.0370917, 1652774414.968287, 1652774433.144061, 1652774456.6301467, 1652774480.1543734, 1652774503.1261132, 1652774524.0873537, 1652774544.9294279, 1652774565.2074213, 1652774583.7651467, 1652774601.0871274, 1652774618.0268188, 1652774635.01236, 1652774649.0787408, 1652774666.0980897, 1652774683.2018712, 1652774700.7996314, 1652774720.3392425, 1652774738.6021929, 1652774761.503185, 1652774780.184878, 1652774804.243101, 1652774822.8391726, 1652774841.0801544, 1652774859.9093785, 1652774878.3415396, 1652774896.3698552, 1652774914.3790493, 1652774932.50196, 1652774950.6309533, 1652774968.8993077, 1652774987.3753927, 1652775005.8693535, 1652775025.4170327, 1652775044.455431, 1652775063.348999, 1652775082.4160879, 1652775106.9131098, 1652775126.9279928, 1652775146.124155], "episode_lengths": [157, 219, 1000, 1000, 1000, 97, 1000, 1000, 1000, 1000, 1000, 1000, 1000, 1000, 1000, 1000, 1000, 1000, 1000, 558, 1000, 658, 788, 876, 1000, 1000, 593, 1000, 1000, 687, 1000, 1000, 794, 1000, 449, 599, 732, 424, 1000, 549, 1000, 1000, 1000, 1000, 436, 1000, 517, 821, 1000, 254, 1000, 404, 600, 207, 700, 414, 1000, 1000, 1000, 291, 1000, 805, 1000, 1000, 1000, 408, 538, 1000, 1000, 1000, 924, 276, 843, 285, 967, 1000, 1000, 249, 1000, 490, 1000, 469, 1000, 1000, 1000, 1000, 1000, 1000, 1000, 1000, 1000, 1000, 1000, 1000, 1000, 1000, 1000, 1000, 1000, 1000, 1000, 1000, 1000, 1000, 1000, 1000, 1000, 1000, 1000, 1000, 1000, 1000, 1000, 1000, 1000, 1000, 1000, 1000, 1000, 1000, 1000, 1000, 1000, 1000, 1000, 1000, 1000, 1000, 1000, 1000, 1000, 1000, 1000, 1000, 1000, 1000, 1000, 1000, 1000, 1000, 1000, 1000, 1000, 1000, 1000, 1000, 1000, 1000, 1000, 1000, 1000, 1000, 1000, 1000, 1000, 1000, 1000, 1000, 1000, 1000, 1000, 1000, 992, 1000, 1000, 1000, 1000, 1000, 1000, 1000, 1000, 1000, 1000, 1000, 1000, 1000, 1000, 1000, 1000, 1000, 1000, 1000, 1000, 1000, 1000, 1000, 1000, 1000, 1000, 1000, 1000, 1000, 1000, 1000, 1000, 1000, 1000, 1000, 1000, 1000, 1000, 1000, 1000, 1000, 1000, 1000, 1000, 1000, 1000, 1000, 1000, 1000, 1000, 1000, 1000, 1000, 1000, 1000, 1000, 1000, 1000, 1000, 1000, 1000, 1000, 1000, 1000, 1000, 1000, 1000, 1000, 1000, 1000, 1000, 1000, 1000, 1000, 1000, 1000, 1000, 1000, 1000, 1000, 1000, 1000, 1000, 1000, 1000, 1000, 1000, 1000, 1000, 1000, 1000, 1000, 1000, 1000, 1000, 1000, 1000, 1000, 1000, 799, 1000, 1000, 1000, 1000, 1000, 1000, 1000, 1000, 1000, 1000, 826, 1000, 1000, 1000, 1000, 1000, 1000, 1000, 1000, 1000, 1000, 1000, 1000, 1000, 1000, 1000, 1000, 1000, 1000, 1000, 1000, 1000, 1000, 1000, 1000, 1000, 1000],