{"initial_reset_timestamp": 1653072785.5459569, "timestamps": [1653072792.7147036, 1653072794.3258595, 1653072797.691065], "episode_lengths": [130, 97, 202], "episode_rewards": [-384.2067773034844, -372.0763957282631, -514.5483519604868], "episode_types": ["t", "t", "t", "t", "t"]}