{"initial_reset_timestamp": 1653072785.2039192, "timestamps": [1653072786.8403563, 1653072788.307035, 1653072792.6931336, 1653072794.3258471, 1653072797.6910524], "episode_lengths": [67, 80, 130, 97, 202], "episode_rewards": [-201.51860185494928, -118.97337210246158, -384.2067773034844, -372.0763957282631, -514.5483519604868], "episode_types": ["t", "t", "t", "t", "t", "t", "t", "t", "t", "t", "t", "t", "t", "t", "t"]}