{"initial_reset_timestamp": 1653937736.4450378, "timestamps": [1653942307.8822901, 1653942334.3245585, 1653942352.1431906, 1653942377.8879743, 1653942404.4339147, 1653942430.709387, 1653942457.6909482, 1653942479.3850515, 1653942506.2028208, 1653942532.433334, 1653942558.5357478, 1653942584.649173, 1653942611.2225313, 1653942628.676102, 1653942655.0792239, 1653942681.7680025, 1653942708.9576316, 1653942728.4927742, 1653942755.6717315, 1653942782.954924, 1653942809.967055, 1653942836.9689965, 1653942856.5607135, 1653942875.4198601, 1653942894.023989, 1653942921.4775057, 1653942936.5972435, 1653942952.1153476, 1653942972.2535071, 1653942991.7568707, 1653943019.8724005, 1653943038.511398, 1653943053.4315069, 1653943070.7141938, 1653943098.6969028, 1653943123.4273338, 1653943140.6061378, 1653943159.363174, 1653943180.4413, 1653943209.3222992, 1653943226.7485096, 1653943247.9703195, 1653943267.3780496, 1653943288.5644403, 1653943314.577139, 1653943336.1216636, 1653943357.6438534, 1653943386.504853, 1653943415.378371, 1653943444.75395, 1653943473.8717477, 1653943493.2316568, 1653943519.4972725, 1653943545.8964465, 1653943572.0533938, 1653943592.0083518, 1653943618.250747, 1653943637.3611474, 1653943654.3238373, 1653943681.0296848, 1653943707.819886, 1653943724.3775158, 1653943745.3388152, 1653943772.1301239, 1653943791.7058544, 1653943810.0920784, 1653943824.2376113, 1653943841.5439892, 1653943860.163885, 1653943877.9344673, 1653943898.6597815, 1653943916.944627, 1653943936.1948824, 1653943954.0920987, 1653943967.8685002, 1653943989.4229186, 1653944016.5904284, 1653944036.8530529, 1653944054.639164, 1653944072.1475728, 1653944087.2341874, 1653944102.1740162, 1653944114.1705842, 1653944130.3885179, 1653944142.019878, 1653944158.1016386, 1653944171.1260514, 1653944194.844561, 1653944209.70205, 1653944229.805326, 1653944248.754352, 1653944266.1233492, 1653944284.773566, 1653944294.8922882, 1653944311.725752, 1653944330.003677, 1653944343.5988133, 1653944359.5696259, 1653944378.4931502, 1653944392.6469316, 1653944410.2730088, 1653944426.1863527, 1653944446.5437722, 1653944470.5361557, 1653944489.9875827, 1653944509.2185845, 1653944533.9745455, 1653944562.4127247, 1653944578.139686, 1653944588.906449, 1653944617.321755, 1653944645.9744701, 1653944673.6769104, 1653944693.8201509, 1653944713.315409, 1653944739.1481252, 1653944762.464781, 1653944783.2277937, 1653944808.3707905, 1653944829.6737344, 1653944854.5350146, 1653944883.7932022, 1653944913.376442, 1653944940.9772398, 1653944963.6833625, 1653944983.4315774, 1653945012.1488025, 1653945033.8678353, 1653945061.1097429, 1653945091.32374, 1653945113.7261446, 1653945136.3436537, 1653945165.1299489, 1653945190.8061404, 1653945210.276628, 1653945232.8918884, 1653945254.997218, 1653945276.2820983, 1653945292.899254, 1653945308.7908876, 1653945329.8651607, 1653945346.1588774, 1653945365.113722, 1653945391.0148404, 1653945406.4908307, 1653945426.1910899, 1653945445.5090446, 1653945468.4777825, 1653945499.3144488, 1653945522.776717, 1653945539.5344868, 1653945570.9618359, 1653945588.620277, 1653945614.4384046, 1653945639.3113613, 1653945660.2525108, 1653945676.9766643, 1653945707.9007058, 1653945729.9366875, 1653945754.3210204, 1653945766.3455644, 1653945789.1038868, 1653945814.9170594, 1653945836.0912683, 1653945867.3235152, 1653945894.5817142, 1653945918.4107559, 1653945949.8621905, 1653945972.5462174, 1653945998.1171994, 1653946021.3328874, 1653946053.1725864, 1653946078.7722714, 1653946110.7354488, 1653946134.93022, 1653946166.5862823, 1653946193.8375096, 1653946225.839811, 1653946246.3001966, 1653946273.3623028, 1653946286.6519227, 1653946319.176533, 1653946350.0287666, 1653946382.5641348, 1653946415.9527755, 1653946437.6103, 1653946470.4759436, 1653946485.0786455, 1653946498.910431, 1653946532.4433954, 1653946552.209304, 1653946571.3316483, 1653946592.6967711, 1653946625.2329009, 1653946655.896215, 1653946677.7546637, 1653946711.851715, 1653946745.7628994, 1653946779.9218147, 1653946813.1996021, 1653946846.645686, 1653946880.1093092, 1653946907.8065004, 1653946941.4417439, 1653946975.395852, 1653946994.7785904, 1653947023.1140924, 1653947051.4359908, 1653947085.5270505, 1653947111.9109154, 1653947146.6840274, 1653947167.1721308, 1653947181.9687533, 1653947214.97025, 1653947248.316226, 1653947261.848075, 1653947281.3674448, 1653947290.9093008, 1653947312.788224, 1653947331.9277925, 1653947354.257452, 1653947389.1481001, 1653947406.0961483, 1653947440.7994547, 1653947475.3118746, 1653947510.6451907, 1653947545.772714, 1653947581.1298015, 1653947616.636243, 1653947651.919284, 1653947687.8828886, 1653947717.6839716, 1653947753.2836316, 1653947785.7290027, 1653947814.0044668, 1653947832.5930352, 1653947859.1332493, 1653947894.5067043, 1653947916.2359014, 1653947930.5289552, 1653947949.2716138, 1653947980.5430434, 1653948001.9925673, 1653948018.5696611, 1653948054.2612567, 1653948072.0573134, 1653948098.9222796, 1653948125.078807, 1653948147.3961453, 1653948168.1143901], "episode_lengths": [1000, 1000, 697, 1000, 1000, 1000, 1000, 827, 1000, 1000, 993, 1000, 1000, 663, 1000, 1000, 1000, 728, 1000, 1000, 1000, 1000, 714, 691, 676, 1000, 551, 570, 738, 699, 1000, 670, 545, 626, 1000, 871, 603, 670, 740, 1000, 618, 733, 693, 757, 917, 747, 744, 1000, 1000, 1000, 1000, 688, 1000, 1000, 1000, 746, 1000, 721, 650, 1000, 1000, 631, 787, 1000, 740, 697, 535, 648, 694, 646, 735, 671, 716, 661, 512, 800, 1000, 759, 661, 648, 560, 553, 448, 601, 427, 583, 473, 864, 540, 730, 687, 625, 667, 369, 603, 659, 491, 572, 677, 505, 632, 575, 721, 849, 683, 686, 866, 993, 553, 382, 1000, 1000, 962, 695, 678, 912, 802, 711, 858, 735, 847, 1000, 1000, 927, 767, 663, 967, 738, 909, 1000, 756, 758, 950, 857, 651, 752, 732, 708, 561, 523, 706, 544, 623, 856, 515, 653, 632, 754, 1000, 766, 545, 1000, 578, 836, 803, 683, 545, 1000, 706, 778, 392, 723, 826, 693, 1000, 860, 775, 1000, 719, 804, 726, 1000, 815, 1000, 767, 1000, 856, 1000, 636, 831, 417, 1000, 956, 1000, 1000, 669, 1000, 453, 429, 1000, 603, 584, 657, 965, 923, 654, 1000, 1000, 1000, 1000, 1000, 1000, 830, 1000, 1000, 574, 824, 833, 1000, 779, 1000, 606, 438, 960, 966, 399, 567, 285, 647, 562, 651, 1000, 493, 1000, 975, 1000, 1000, 1000, 1000, 1000, 1000, 846, 1000, 917, 811, 536, 760, 1000, 609, 403, 525, 877, 599, 474, 1000, 502, 748, 735, 626, 570],