{"initial_reset_timestamp": 1653049934.4865036, "timestamps": [1653049936.0993207, 1653049937.5161498, 1653049939.5675058, 1653049940.5848663, 1653049941.4344726], "episode_lengths": [67, 80, 61, 60, 51], "episode_rewards": [-201.51860185494928, -118.97337210246158, -139.18939548066123, -139.2968711755114, -119.36800082154872], "episode_types": ["t", "t", "t", "t", "t", "t", "t", "t", "t", "t", "t", "t", "t", "t", "t"]}