{"initial_reset_timestamp": 1653049934.8081977, "timestamps": [1653049939.5964313, 1653049940.5848827, 1653049941.4344883], "episode_lengths": [61, 60, 51], "episode_rewards": [-139.18939548066123, -139.2968711755114, -119.36800082154872], "episode_types": ["t", "t", "t", "t", "t"]}