{
	"initial_reset_timestamp": 1653073981.8462834,
	"timestamps": [1653073983.493294, 1653073984.9433715, 1653073987.4292426, 1653073989.0607104, 1653073990.4618335, 1653073992.4613678, 1653073994.3609226, 1653073995.6280875, 1653073996.9284363, 1653073998.4285648, 1653074000.494303, 1653074002.4682093, 1653074004.431799, 1653074005.9024067, 1653074007.2713113, 1653074008.7753768, 1653074010.6133773],
	"episode_lengths": [67, 80, 74, 97, 84, 120, 114, 76, 73, 89, 124, 114, 118, 88, 82, 90, 110],
	"episode_rewards": [-201.51860185494928, -118.97337210246158, -112.39400793778736, -76.93933190154851, -84.25109353548152, -123.6597862257357, -74.63659273977703, -82.87218087822393, -80.19668568289731, -54.37232202961812, -122.00119466850398, -390.63950007548453, -313.34343542083093, -283.5158067251923, -219.55101635593115, -159.36189265480843, -331.37402170107794],
	"episode_types": ["t", "t", "t", "t", "t", "t", "t", "t", "t", "t", "t", "t", "t", "t", "t", "t", "t", "t", "t", "t", "t", "t", "t", "t", "t", "t", "t", "t", "t", "t", "t", "t", "t", "t", "t", "t", "t", "t", "t", "t", "t", "t", "t", "t", "t", "t", "t", "t", "t", "t", "t", "t", "t", "t"]
}