{"initial_reset_timestamp": 1653056315.5151162, "timestamps": [1653056317.1385024, 1653056318.5552754, 1653056320.5560794, 1653056322.124179, 1653056323.1745722], "episode_lengths": [67, 80, 59, 93, 63], "episode_rewards": [-201.51860185494928, -118.97337210246158, -455.0425400942353, -1117.346552552749, -612.6680901744919], "episode_types": ["t", "t", "t", "t", "t", "t", "t", "t", "t", "t", "t", "t", "t", "t", "t"]}