{"initial_reset_timestamp": 1653056315.8404543, "timestamps": [1653056320.5812962, 1653056322.1241918, 1653056323.1745872], "episode_lengths": [59, 93, 63], "episode_rewards": [-455.0425400942353, -1117.346552552749, -612.6680901744919], "episode_types": ["t", "t", "t", "t", "t"]}