{"initial_reset_timestamp": 1653056413.5855956, "timestamps": [1653056418.456265, 1653056419.4618084, 1653056420.8620255], "episode_lengths": [61, 61, 84], "episode_rewards": [-133.04775721486146, -114.58608906501112, -299.1404296628017], "episode_types": ["t", "t", "t", "t", "t"]}