{"initial_reset_timestamp": 1653056413.257184, "timestamps": [1653056414.8931727, 1653056416.3435802, 1653056418.4277961, 1653056419.461796, 1653056420.8620117], "episode_lengths": [67, 80, 61, 61, 84], "episode_rewards": [-201.51860185494928, -118.97337210246158, -133.04775721486146, -114.58608906501112, -299.1404296628017], "episode_types": ["t", "t", "t", "t", "t", "t", "t", "t", "t", "t", "t", "t", "t", "t", "t"]}