{"initial_reset_timestamp": 1653581250.7462752, "timestamps": [1653581252.375449, 1653581253.8271327, 1653581255.8761094, 1653581257.127158, 1653581258.2106516], "episode_lengths": [67, 80, 60, 74, 65], "episode_rewards": [-201.51860185494928, -118.97337210246158, -332.6383068671611, -491.5657095725708, -450.00752405812614], "episode_types": ["t", "t", "t", "t", "t", "t", "t", "t", "t", "t", "t", "t", "t", "t", "t"]}