{"initial_reset_timestamp": 1653051640.2827096, "timestamps": [1653051647.7061586, 1653051649.1001806, 1653051650.1702876], "episode_lengths": [138, 84, 64], "episode_rewards": [-313.74333790634944, -433.75531710047005, -573.3804310619123], "episode_types": ["t", "t", "t", "t", "t"]}