{"initial_reset_timestamp": 1653051639.9588578, "timestamps": [1653051641.5637765, 1653051643.0469, 1653051647.6822965, 1653051649.1001644, 1653051650.170255], "episode_lengths": [67, 80, 138, 84, 64], "episode_rewards": [-201.51860185494928, -118.97337210246158, -313.74333790634944, -433.75531710047005, -573.3804310619123], "episode_types": ["t", "t", "t", "t", "t", "t", "t", "t", "t", "t", "t", "t", "t", "t", "t"]}