{"initial_reset_timestamp": 1653073114.9987776, "timestamps": [1653073119.9060726, 1653073120.8934808, 1653073121.7432406], "episode_lengths": [61, 60, 51], "episode_rewards": [-139.18939548066123, -139.2968711755114, -119.36800082154872], "episode_types": ["t", "t", "t", "t", "t"]}