{"initial_reset_timestamp": 1653073114.6298532, "timestamps": [1653073116.343985, 1653073117.777275, 1653073119.8754072, 1653073120.893466, 1653073121.7432249], "episode_lengths": [67, 80, 61, 60, 51], "episode_rewards": [-201.51860185494928, -118.97337210246158, -139.18939548066123, -139.2968711755114, -119.36800082154872], "episode_types": ["t", "t", "t", "t", "t", "t", "t", "t", "t", "t", "t", "t", "t", "t", "t"]}