{"initial_reset_timestamp": 1652894223.9810412, "timestamps": [1652894570.897549, 1652894572.6008775, 1652894575.3071163, 1652894577.4077423, 1652894581.0650566, 1652894585.497775, 1652894588.3791845, 1652894590.2392273, 1652894594.4076264, 1652894598.1736972, 1652894602.0784733, 1652894606.258962, 1652894610.5781333, 1652894627.952278, 1652894644.7782671, 1652894662.4804873, 1652894697.687111, 1652894701.458973, 1652894718.6710203, 1652894735.6642656, 1652894752.3810718, 1652894769.5271065, 1652894774.9974895, 1652894777.49764, 1652894792.613592, 1652894804.7003503, 1652894812.2331107, 1652894821.4466038, 1652894827.111226, 1652894831.2529714, 1652894835.5591056, 1652894842.8157566, 1652894847.0376158, 1652894851.251554, 1652894855.569217, 1652894863.0713646, 1652894866.9591568, 1652894870.2813878, 1652894874.3695085, 1652894879.7220044, 1652894884.665222, 1652894889.0364935, 1652894896.6038523, 1652894901.036485, 1652894904.9915967, 1652894911.010395, 1652894915.419328, 1652894920.303172, 1652894925.7329574, 1652894933.399955, 1652894938.5336614, 1652894944.2561913, 1652894952.673131, 1652894956.3609142, 1652894961.3395925, 1652894969.6087887, 1652894979.1554103, 1652894983.2986073, 1652894986.4303505, 1652894991.2826774, 1652894995.7178934, 1652895003.3457754, 1652895009.355182, 1652895018.611173, 1652895024.591875, 1652895029.2986736, 1652895035.7985375, 1652895041.5152614, 1652895058.7316358, 1652895076.4448788, 1652895093.8272982, 1652895111.6587973, 1652895129.6016514, 1652895135.580159, 1652895153.3505137, 1652895170.899566, 1652895173.9656708, 1652895191.9989886, 1652895196.329304, 1652895199.2733757, 1652895203.2456079, 1652895205.7535205, 1652895209.2844882, 1652895211.815441, 1652895214.2884576, 1652895220.6904643, 1652895225.6516569, 1652895228.0621321, 1652895232.8585756, 1652895238.0751007, 1652895256.0454423, 1652895274.2847834, 1652895292.6717727, 1652895310.5569186, 1652895328.5915017, 1652895345.805267, 1652895362.4889061, 1652895379.1433234, 1652895395.8181624, 1652895404.893074, 1652895414.8448775, 1652895431.5182772, 1652895438.8346655, 1652895455.501029, 1652895459.9451036, 1652895476.6133885, 1652895489.0807183, 1652895491.8641763, 1652895495.5914314, 1652895500.0045333, 1652895506.079847, 1652895511.9972367, 1652895521.1083028, 1652895529.1330233, 1652895535.0817146, 1652895538.5099523, 1652895541.2447963, 1652895547.1556354, 1652895551.5015018, 1652895569.5062642, 1652895587.5204186, 1652895603.530049, 1652895610.73783, 1652895628.691917, 1652895646.8397937, 1652895664.9959865, 1652895674.5098584, 1652895682.2779968, 1652895696.7011304, 1652895705.3618846, 1652895724.107466, 1652895742.2635162, 1652895760.1220717, 1652895778.3877094, 1652895796.7098246, 1652895815.1525104, 1652895833.257267, 1652895851.2531137, 1652895869.231428, 1652895874.4813776, 1652895892.6215851, 1652895910.5913634, 1652895928.625684, 1652895962.494733, 1652895969.740318, 1652895986.4991086, 1652896003.2942376, 1652896019.969259, 1652896030.9587288, 1652896049.0803149, 1652896067.5006166, 1652896077.4526575, 1652896094.9821615, 1652896111.987373, 1652896129.4487395, 1652896147.5222728, 1652896165.4293106, 1652896183.4238226, 1652896201.4910326, 1652896219.2245247, 1652896236.8106105, 1652896254.2653923, 1652896272.6285203, 1652896290.3983872, 1652896308.3735754, 1652896326.3050053, 1652896344.0269842, 1652896361.8658133, 1652896379.645856, 1652896397.6056466, 1652896415.211274, 1652896432.7959085, 1652896450.6402664, 1652896468.5371704, 1652896486.1116316, 1652896503.4560356, 1652896520.8643847, 1652896537.6060057, 1652896554.2743316, 1652896571.0561726, 1652896588.1279573, 1652896594.5015106, 1652896605.653836, 1652896621.114269, 1652896631.9065478, 1652896651.4462385, 1652896668.8184147, 1652896684.7481923, 1652896702.215583, 1652896718.8816054, 1652896727.8425407, 1652896744.732213, 1652896761.5497203, 1652896778.259987, 1652896784.1736884, 1652896793.5276217, 1652896807.3372326, 1652896820.5229964, 1652896833.4712725, 1652896839.1880958, 1652896851.2460039, 1652896867.3411508, 1652896877.841973, 1652896894.4991438, 1652896908.7007866, 1652896923.842571, 1652896942.980782, 1652896954.230913, 1652896973.8974817, 1652896992.1978219, 1652897010.7705595, 1652897031.434756, 1652897043.365858, 1652897060.7552032, 1652897074.4181392, 1652897084.3211997, 1652897101.954139, 1652897119.0697207, 1652897138.325356, 1652897156.0144463, 1652897177.3091617, 1652897194.9105096, 1652897212.1688633, 1652897229.1498342, 1652897249.2408319, 1652897268.194376, 1652897285.4960814, 1652897302.982548, 1652897319.8157954, 1652897336.6099093, 1652897354.2798092, 1652897371.2156997, 1652897388.168802, 1652897405.0529597, 1652897422.020566, 1652897439.1016092, 1652897456.0715349, 1652897474.6121883, 1652897494.284788, 1652897512.4160225, 1652897533.172993, 1652897550.143667, 1652897566.8115535, 1652897585.339273, 1652897608.2139797, 1652897625.361767, 1652897647.1321523, 1652897666.067579, 1652897684.701227, 1652897702.5207129, 1652897720.4490736, 1652897739.4710226, 1652897756.2395954, 1652897773.1394665, 1652897792.453924, 1652897811.3162537, 1652897830.7791636, 1652897850.0717041, 1652897869.4011657, 1652897888.6725056, 1652897907.9684646, 1652897927.0532537, 1652897943.7276838, 1652897960.3928058, 1652897977.0578578, 1652897993.7255964, 1652898010.3870792, 1652898027.0639205, 1652898043.730512, 1652898060.5230398, 1652898078.0703073, 1652898094.8245082, 1652898111.497039, 1652898128.1926568, 1652898144.8672702, 1652898162.3839753, 1652898179.7021322, 1652898196.612411, 1652898213.2712166, 1652898229.9310827, 1652898246.605195, 1652898263.3041828, 1652898279.985467, 1652898296.6832736, 1652898313.3522434, 1652898330.0570765, 1652898346.727882, 1652898363.4177043, 1652898380.150888, 1652898396.8485515, 1652898413.6232357, 1652898430.3032804, 1652898447.0895593, 1652898463.906715, 1652898480.6623573, 1652898497.5717475, 1652898514.4202557, 1652898531.2852082, 1652898548.1982052, 1652898565.1844583], "episode_lengths": [87, 98, 156, 125, 215, 260, 172, 109, 248, 225, 222, 244, 251, 1000, 1000, 1000, 1000, 214, 1000, 1000, 1000, 1000, 322, 147, 882, 709, 435, 553, 338, 237, 255, 424, 241, 239, 259, 444, 233, 196, 236, 311, 294, 254, 439, 244, 230, 339, 259, 285, 313, 446, 299, 320, 496, 215, 296, 476, 572, 240, 178, 278, 251, 437, 357, 537, 357, 273, 372, 328, 1000, 1000, 1000, 1000, 1000, 322, 1000, 1000, 168, 1000, 246, 167, 227, 143, 196, 144, 143, 358, 283, 135, 269, 297, 1000, 1000, 1000, 1000, 1000, 1000, 1000, 1000, 1000, 545, 595, 1000, 439, 1000, 267, 1000, 748, 167, 223, 265, 364, 356, 546, 482, 357, 205, 155, 330, 240, 1000, 1000, 861, 397, 1000, 1000, 1000, 530, 426, 784, 477, 1000, 1000, 1000, 1000, 1000, 1000, 1000, 1000, 1000, 300, 1000, 1000, 1000, 1000, 428, 1000, 1000, 1000, 643, 1000, 1000, 567, 1000, 961, 1000, 1000, 1000, 1000, 1000, 1000, 1000, 1000, 1000, 1000, 1000, 1000, 1000, 1000, 1000, 1000, 1000, 1000, 1000, 1000, 1000, 1000, 1000, 1000, 1000, 1000, 1000, 360, 624, 729, 600, 1000, 1000, 922, 1000, 1000, 537, 1000, 1000, 1000, 355, 557, 826, 791, 766, 342, 722, 963, 626, 1000, 775, 878, 1000, 580, 1000, 1000, 1000, 1000, 617, 1000, 789, 591, 1000, 1000, 1000, 1000, 1000, 1000, 1000, 1000, 1000, 1000, 1000, 1000, 1000, 1000, 1000, 1000, 1000, 1000, 1000, 1000, 1000, 1000, 1000, 1000, 1000, 1000, 1000, 1000, 1000, 1000, 1000, 1000, 1000, 1000, 1000, 1000, 1000, 1000, 1000, 1000, 1000, 1000, 1000, 1000, 1000, 1000, 1000, 1000, 1000, 1000, 1000, 1000, 1000, 1000, 1000, 1000, 1000, 1000, 1000, 1000, 1000, 1000, 1000, 1000, 1000, 1000, 1000, 1000, 1000, 1000, 1000, 1000, 1000, 1000, 1000, 1000, 1000, 1000, 1000, 1000, 1000, 1000, 1000, 1000],