{"initial_reset_timestamp": 1653071282.907352, "timestamps": [1653071285.9420762, 1653071287.4269845, 1653071291.6092346, 1653071293.1483378, 1653071294.5462675], "episode_lengths": [67, 80, 120, 91, 84], "episode_rewards": [-201.51860185494928, -118.97337210246158, -240.17399683191482, -131.4724078174335, -293.2860721098859], "episode_types": ["t", "t", "t", "t", "t", "t", "t", "t", "t", "t", "t", "t", "t", "t", "t"]}