{"initial_reset_timestamp": 1653071284.549367, "timestamps": [1653071291.6388128, 1653071293.1483603, 1653071294.5462832], "episode_lengths": [120, 91, 84], "episode_rewards": [-240.17399683191482, -131.4724078174335, -293.2860721098859], "episode_types": ["t", "t", "t", "t", "t"]}