{"initial_reset_timestamp": 1653047584.4487596, "timestamps": [1653047589.2115774, 1653047590.5827851, 1653047591.5327342], "episode_lengths": [59, 83, 57], "episode_rewards": [-534.3845533516409, -780.9298049768998, -479.0169612141459], "episode_types": ["t", "t", "t", "t", "t"]}