{"initial_reset_timestamp": 1653047584.1231055, "timestamps": [1653047585.747344, 1653047587.1811497, 1653047589.1835723, 1653047590.5827725, 1653047591.5327208], "episode_lengths": [67, 80, 59, 83, 57], "episode_rewards": [-201.51860185494928, -118.97337210246158, -534.3845533516409, -780.9298049768998, -479.0169612141459], "episode_types": ["t", "t", "t", "t", "t", "t", "t", "t", "t", "t", "t", "t", "t", "t", "t"]}