{"initial_reset_timestamp": 1653583097.6576822, "timestamps": [1653583103.6229503, 1653583105.4122663, 1653583108.5787423], "episode_lengths": [94, 108, 190], "episode_rewards": [-46.46076088069208, -347.74295529200816, -447.6951169802527], "episode_types": ["t", "t", "t", "t", "t"]}