{"initial_reset_timestamp": 1653583097.2908702, "timestamps": [1653583098.9598534, 1653583100.4100916, 1653583103.5965161, 1653583105.412253, 1653583108.5787284], "episode_lengths": [67, 80, 94, 108, 190], "episode_rewards": [-201.51860185494928, -118.97337210246158, -46.46076088069208, -347.74295529200816, -447.6951169802527], "episode_types": ["t", "t", "t", "t", "t", "t", "t", "t", "t", "t", "t", "t", "t", "t", "t"]}