{"initial_reset_timestamp": 1653846242.796705, "timestamps": [1653846246.2383122, 1653846248.7388933, 1653846250.404768, 1653846252.0050018, 1653846253.188947], "episode_lengths": [96, 73, 99, 96, 71], "episode_rewards": [-118.103993514276, -133.273107220794, -470.70641762095613, -109.94950518622036, -48.08024647633757], "episode_types": ["t", "t", "t", "t", "t"]}