{"initial_reset_timestamp": 1652717963.9723728, "timestamps": [1652717996.791768, 1652717999.0092373, 1652718000.859194, 1652718002.459924, 1652718004.0768688, 1652718005.0765252, 1652718006.5268767, 1652718009.272337, 1652718010.5766416, 1652718011.9768002, 1652718013.424138, 1652718015.1247447, 1652718016.4270735, 1652718017.960769, 1652718019.2411346, 1652718020.3778741, 1652718021.8766644, 1652718023.4943578, 1652718024.8083014, 1652718026.0619574, 1652718027.0899677, 1652718030.2657948, 1652718031.1601043, 1652718032.3959167, 1652718033.4438722, 1652718034.560878, 1652718035.979159, 1652718036.91139, 1652718038.162518, 1652718039.4967008], "episode_lengths": [66, 129, 111, 96, 97, 60, 87, 80, 77, 84, 87, 102, 78, 92, 77, 68, 90, 97, 79, 75, 62, 94, 54, 74, 63, 67, 85, 56, 75, 80], "episode_rewards": [-188.7950868749095, -251.6636918306603, -380.3972057661661, -361.67741290110786, -468.5155837009806, -176.3391007968811, -542.5957137336189, -566.5979079225151, -293.6259558586132, -425.7996153818998, -318.1291010321479, -399.52922819373725, -616.2325864413658, -524.1995739065861, -426.40061916917097, -9.917379152905, -460.9884492004986, -520.4257097237909, -586.9091517417978, -445.1604020844906, -116.78081631910484, -93.28915999730381, -120.55435659880436, -220.73380327781533, -128.56144750000718, -169.2605313048324, -82.69561664847015, -96.99002305736948, -365.511480309368, -374.5934951075671], "episode_types": ["t", "t", "t", "t", "t", "t", "t", "t", "t", "t", "t", "t", "t", "t", "t", "t", "t", "t", "t", "t", "t", "t", "t", "t", "t", "t", "t", "t", "t", "t", "t", "t", "t", "t", "t", "t", "t", "t", "t", "t", "t", "t", "t", "t", "t", "t", "t", "t", "t", "t"]}