{
	"initial_reset_timestamp": 1652717963.6434197,
	"timestamps": [1652717965.2827945, 1652717966.7331026, 1652717969.1991322, 1652717970.834239, 1652717972.234681, 1652717974.2341666, 1652717976.1339543, 1652717977.401199, 1652717978.6676779, 1652717980.334517, 1652717981.682139, 1652717983.108458, 1652717984.9590583, 1652717986.359522, 1652717987.8752894, 1652717989.4891355, 1652717990.7609608, 1652717992.5754514, 1652717993.8258998, 1652717995.6922069, 1652717996.7917545, 1652717999.0092235, 1652718000.8591805, 1652718002.4599104, 1652718004.0768573, 1652718005.076511, 1652718006.5268626, 1652718009.2723293, 1652718010.5766306, 1652718011.9767864, 1652718013.4241273, 1652718015.1247342, 1652718016.42706, 1652718017.960755, 1652718019.241126, 1652718020.3778589, 1652718021.87665, 1652718023.4943438, 1652718024.8082929, 1652718026.0619428, 1652718027.08996, 1652718030.243303, 1652718031.1600907, 1652718032.3958986, 1652718033.4438584, 1652718034.560864, 1652718035.9791443, 1652718036.9113755, 1652718038.1625047, 1652718039.4966874],
	"episode_lengths": [67, 80, 74, 97, 84, 120, 114, 76, 72, 99, 81, 82, 111, 84, 91, 97, 76, 109, 75, 112, 66, 129, 111, 96, 97, 60, 87, 80, 77, 84, 87, 102, 78, 92, 77, 68, 90, 97, 79, 75, 62, 94, 54, 74, 63, 67, 85, 56, 75, 80],
	"episode_rewards": [-201.51860185494928, -118.97337210246158, -112.39400793778736, -76.93933190154851, -84.25109353548152, -123.6597862257357, -74.63659273977703, -82.87218087822393, -72.19548141184737, -215.7303015891185, -85.51384845361838, -277.21350995963434, -175.8099403304587, -390.2495718894657, -151.24877378874234, -335.2650287794793, -114.73160893118171, -209.13527417100158, -114.90696752742022, -107.32127895735394, -188.7950868749095, -251.6636918306603, -380.3972057661661, -361.67741290110786, -468.5155837009806, -176.3391007968811, -542.5957137336189, -566.5979079225151, -293.6259558586132, -425.7996153818998, -318.1291010321479, -399.52922819373725, -616.2325864413658, -524.1995739065861, -426.40061916917097, -9.917379152905, -460.9884492004986, -520.4257097237909, -586.9091517417978, -445.1604020844906, -116.78081631910484, -93.28915999730381, -120.55435659880436, -220.73380327781533, -128.56144750000718, -169.2605313048324, -82.69561664847015, -96.99002305736948, -365.511480309368, -374.5934951075671],
	"episode_types": ["t", "t", "t", "t", "t", "t", "t", "t", "t", "t", "t", "t", "t", "t", "t", "t", "t", "t", "t", "t", "t", "t", "t", "t", "t", "t", "t", "t", "t", "t", "t", "t", "t", "t", "t", "t", "t", "t", "t", "t", "t", "t", "t", "t", "t", "t", "t", "t", "t", "t", "t", "t", "t", "t", "t", "t", "t", "t", "t", "t", "t", "t", "t", "t", "t", "t", "t", "t", "t", "t", "t", "t", "t", "t", "t", "t", "t", "t", "t", "t", "t", "t", "t", "t", "t", "t", "t", "t", "t", "t", "t", "t", "t", "t", "t", "t", "t", "t", "t", "t", "t", "t", "t", "t", "t", "t", "t", "t", "t", "t", "t", "t", "t", "t", "t", "t", "t", "t", "t", "t", "t", "t", "t", "t", "t", "t", "t", "t", "t", "t", "t", "t", "t", "t", "t", "t", "t", "t", "t", "t", "t", "t", "t", "t", "t", "t", "t", "t", "t", "t"]
}