{"initial_reset_timestamp": 1653056733.2546456, "timestamps": [1653056738.8219297, 1653056741.2280004, 1653056743.5614681], "episode_lengths": [83, 145, 140], "episode_rewards": [-639.8654723321018, -875.2172374783464, -859.7068234292144], "episode_types": ["t", "t", "t", "t", "t"]}