{"initial_reset_timestamp": 1653056732.930367, "timestamps": [1653056734.5760324, 1653056735.9924603, 1653056738.7948616, 1653056741.2279866, 1653056743.561453], "episode_lengths": [67, 80, 83, 145, 140], "episode_rewards": [-201.51860185494928, -118.97337210246158, -639.8654723321018, -875.2172374783464, -859.7068234292144], "episode_types": ["t", "t", "t", "t", "t", "t", "t", "t", "t", "t", "t", "t", "t", "t", "t"]}