{"initial_reset_timestamp": 1653055870.9951947, "timestamps": [1653055872.6648488, 1653055874.0816476, 1653055878.248902, 1653055879.5168886, 1653055880.4835746], "episode_lengths": [67, 80, 124, 75, 58], "episode_rewards": [-201.51860185494928, -118.97337210246158, -232.65434304956833, -12.429388333985045, -31.88721746955818], "episode_types": ["t", "t", "t", "t", "t", "t", "t", "t", "t", "t", "t", "t", "t", "t", "t"]}