{"initial_reset_timestamp": 1653055871.367986, "timestamps": [1653055878.2744865, 1653055879.5169024, 1653055880.483588], "episode_lengths": [124, 75, 58], "episode_rewards": [-232.65434304956833, -12.429388333985045, -31.88721746955818], "episode_types": ["t", "t", "t", "t", "t"]}