{"initial_reset_timestamp": 1653583942.5908203, "timestamps": [1653583944.251181, 1653583945.71788], "episode_lengths": [67, 80], "episode_rewards": [-201.51860185494928, -118.97337210246158], "episode_types": ["t", "t", "t", "t", "t", "t", "t", "t", "t"]}