{"initial_reset_timestamp": 1653051721.6272995, "timestamps": [1653051758.42913, 1653051760.2633557, 1653051761.1111617, 1653051762.5773635, 1653051763.5296144, 1653051765.0966852, 1653051765.9790692, 1653051768.3118596, 1653051769.3135169, 1653051770.2651095, 1653051772.2978823, 1653051773.3302643, 1653051774.645681, 1653051775.9305902, 1653051779.3807075, 1653051780.2470949, 1653051783.0439386, 1653051785.8814862, 1653051788.4096873, 1653051789.347767, 1653051791.81434, 1653051794.660992, 1653051796.5835102, 1653051798.2004142, 1653051800.0323021, 1653051801.282426, 1653051803.3929284, 1653051805.3834689, 1653051806.7508903, 1653051808.5440407], "episode_lengths": [302, 106, 51, 88, 57, 94, 53, 67, 59, 57, 122, 62, 79, 77, 207, 52, 168, 170, 152, 56, 148, 84, 115, 97, 110, 75, 127, 119, 82, 108], "episode_rewards": [-501.27571712812096, -306.21090322959213, -123.77348524780217, -111.99187937776065, -100.21671949806878, -134.68020547146958, -96.1857947380216, -140.43842088419404, -99.24199886353131, -116.93950193714747, -275.386200761447, -110.59295855910995, -118.04909744807927, -117.30321867650565, -152.4730707776967, -133.15380617652886, -276.76460239920607, -290.97103099088287, -92.23480784269947, -82.68667711178568, -400.8167430202404, -91.3153230346638, -119.0563326134154, -313.1359675015344, 8.523478660677995, -105.60102144209543, -447.15876604697735, -504.69430135502813, -170.78211457074877, -274.8065433234993], "episode_types": ["t", "t", "t", "t", "t", "t", "t", "t", "t", "t", "t", "t", "t", "t", "t", "t", "t", "t", "t", "t", "t", "t", "t", "t", "t", "t", "t", "t", "t", "t", "t", "t", "t", "t", "t", "t", "t", "t", "t", "t", "t", "t", "t", "t", "t", "t", "t", "t", "t", "t"]}