{"initial_reset_timestamp": 1653051721.2580504, "timestamps": [1653051722.967691, 1653051724.384664, 1653051726.9845433, 1653051728.6201992, 1653051730.0195174, 1653051732.0190077, 1653051733.9185615, 1653051735.187048, 1653051736.4665675, 1653051738.1688895, 1653051739.285973, 1653051741.447322, 1653051743.3629494, 1653051744.7600682, 1653051746.3617973, 1653051747.6226604, 1653051749.2400546, 1653051751.0608437, 1653051752.2291286, 1653051753.3907535, 1653051758.4291172, 1653051760.263341, 1653051761.1111515, 1653051762.5773525, 1653051763.5295997, 1653051765.09667, 1653051765.9790547, 1653051768.3118498, 1653051769.3135018, 1653051770.265096, 1653051772.2978687, 1653051773.3302503, 1653051774.6456673, 1653051775.9305747, 1653051779.3806882, 1653051780.2470796, 1653051783.043926, 1653051785.8814714, 1653051788.4096773, 1653051789.3477564, 1653051791.8143263, 1653051794.6472027, 1653051796.583495, 1653051798.2003999, 1653051800.032287, 1653051801.2824118, 1653051803.3929195, 1653051805.3834457, 1653051806.7508745, 1653051808.5440328], "episode_lengths": [67, 80, 74, 97, 84, 120, 114, 76, 72, 100, 67, 99, 115, 84, 96, 76, 97, 109, 70, 70, 302, 106, 51, 88, 57, 94, 53, 67, 59, 57, 122, 62, 79, 77, 207, 52, 168, 170, 152, 56, 148, 84, 115, 97, 110, 75, 127, 119, 82, 108], "episode_rewards": [-201.51860185494928, -118.97337210246158, -112.39400793778736, -76.93933190154851, -84.25109353548152, -123.6597862257357, -74.63659273977703, -82.87218087822393, -67.77134686794233, -158.31342081852208, -62.24257640198391, -298.88150861097176, -228.33242713199348, -375.69420287705293, -120.9153910136194, -216.05356363941655, -102.7279722224209, -71.08892842566055, -78.9411879357884, -193.77198685421763, -501.27571712812096, -306.21090322959213, -123.77348524780217, -111.99187937776065, -100.21671949806878, -134.68020547146958, -96.1857947380216, -140.43842088419404, -99.24199886353131, -116.93950193714747, -275.386200761447, -110.59295855910995, -118.04909744807927, -117.30321867650565, -152.4730707776967, -133.15380617652886, -276.76460239920607, -290.97103099088287, -92.23480784269947, -82.68667711178568, -400.8167430202404, -91.3153230346638, -119.0563326134154, -313.1359675015344, 8.523478660677995, -105.60102144209543, -447.15876604697735, -504.69430135502813, -170.78211457074877, -274.8065433234993], "episode_types": ["t", "t", "t", "t", "t", "t", "t", "t", "t", "t", "t", "t", "t", "t", "t", "t", "t", "t", "t", "t", "t", "t", "t", "t", "t", "t", "t", "t", "t", "t", "t", "t", "t", "t", "t", "t", "t", "t", "t", "t", "t", "t", "t", "t", "t", "t", "t", "t", "t", "t", "t", "t", "t", "t", "t", "t", "t", "t", "t", "t", "t", "t", "t", "t", "t", "t", "t", "t", "t", "t", "t", "t", "t", "t", "t", "t", "t", "t", "t", "t", "t", "t", "t", "t", "t", "t", "t", "t", "t", "t", "t", "t", "t", "t", "t", "t", "t", "t", "t", "t", "t", "t", "t", "t", "t", "t", "t", "t", "t", "t", "t", "t", "t", "t", "t", "t", "t", "t", "t", "t", "t", "t", "t", "t", "t", "t", "t", "t", "t", "t", "t", "t", "t", "t", "t", "t", "t", "t", "t", "t", "t", "t", "t", "t", "t", "t", "t", "t", "t", "t"]}