{"initial_reset_timestamp": 1651685970.1826615, "timestamps": [1651685971.922013, 1651685972.1237717, 1651685972.1441941, 1651685972.1604767, 1651685972.370735, 1651685972.381273, 1651685972.3930202, 1651685972.4036567, 1651685973.9077792, 1651685974.0285273], "episode_lengths": [74, 85, 77, 100, 110, 64, 77, 66, 84, 102], "episode_rewards": [-104.00868497887019, -196.8929395042111, -254.54575581622964, -313.4912134478453, -253.37727770371828, -98.108178844478, 16.16132961040212, -64.36785827264534, -153.74000787351778, -136.73189187724438], "episode_types": ["t", "t", "t", "t", "t", "t", "t", "t", "t", "t", "t", "t", "t", "t", "t", "t", "t", "t", "t", "t"]}