{"initial_reset_timestamp": 1651685970.594267, "timestamps": [1651685972.3812766, 1651685972.3930235, 1651685972.4036603, 1651685973.9077854, 1651685974.0285308], "episode_lengths": [64, 77, 66, 84, 102], "episode_rewards": [-98.108178844478, 16.16132961040212, -64.36785827264534, -153.74000787351778, -136.73189187724438], "episode_types": ["t", "t", "t", "t", "t", "t", "t", "t", "t", "t"]}