{"initial_reset_timestamp": 1652719354.3726017, "timestamps": [1652719722.0094852, 1652719723.9619756, 1652719726.9612205, 1652719730.1411963, 1652719733.6714323, 1652719738.8783367, 1652719741.9452403, 1652719745.7604687, 1652719751.2603326, 1652719757.4790738, 1652719764.8286254, 1652719775.3772328, 1652719785.297362, 1652719800.463442, 1652719817.1327238, 1652719833.799274, 1652719851.245675, 1652719867.929864, 1652719877.283926, 1652719883.300076, 1652719890.1009867, 1652719897.134086, 1652719904.9179156, 1652719921.582486, 1652719938.2533333, 1652719954.9147778, 1652719965.822046, 1652719971.9649923, 1652719980.7552173, 1652719988.6226776, 1652720005.2910395, 1652720021.957937, 1652720032.102817, 1652720039.4420798, 1652720051.5247936, 1652720061.2591295, 1652720070.2612505, 1652720079.2742856, 1652720087.5120494, 1652720095.677289, 1652720102.9556332, 1652720108.4383082, 1652720116.0248637, 1652720122.630459, 1652720127.5093746, 1652720134.5474155, 1652720140.5292697, 1652720147.6467288, 1652720154.9079542, 1652720161.2905252, 1652720166.4638495, 1652720174.213981, 1652720181.447908, 1652720186.0787148, 1652720192.7665668, 1652720198.7026486, 1652720205.8948922, 1652720211.145621, 1652720216.6120248, 1652720221.3351977, 1652720225.95404, 1652720231.2597518, 1652720236.5610292, 1652720240.965836, 1652720246.4630313, 1652720252.9208362, 1652720257.070828, 1652720262.2475834, 1652720472.7775717, 1652720479.2125921, 1652720484.2994523, 1652720490.3018193, 1652720495.449826, 1652720499.9212887, 1652720504.7212825, 1652720509.4093184, 1652720515.0892103, 1652720519.7186954, 1652720527.8684483, 1652720533.5054195, 1652720539.7669315, 1652720546.0069025, 1652720552.6757336, 1652720558.9704804, 1652720564.7831936, 1652720569.8454287, 1652720576.2173226, 1652720582.9884992, 1652720589.8728557, 1652720595.6797833, 1652720601.1940136, 1652720606.569828, 1652720612.8690913, 1652720618.869608, 1652720631.5561206, 1652720640.4553819, 1652720647.1887898, 1652720654.5629349, 1652720668.3167036, 1652720675.0866687, 1652720685.189997, 1652720694.570532, 1652720707.8387969, 1652720717.358057, 1652720727.6522472, 1652720741.792246, 1652720757.9656894, 1652720773.354368, 1652720784.1794066, 1652720799.7678216, 1652720816.4292288, 1652720833.095469, 1652720849.7633042, 1652720866.4416454, 1652720882.297909, 1652720895.5375679, 1652720909.0003479, 1652720918.834228, 1652720928.5415802, 1652720938.2474167, 1652720944.6042047, 1652720952.767689, 1652720957.469491, 1652720960.5861707, 1652720973.3187797, 1652720978.9524298, 1652720987.5982184, 1652720990.1257026, 1652720993.136973, 1652720998.6882045, 1652721001.7533915, 1652721005.0241935, 1652721010.729913, 1652721013.7083423, 1652721016.856655, 1652721022.3149664, 1652721025.7623467, 1652721031.289811, 1652721037.4148757, 1652721041.839389, 1652721046.2010186, 1652721048.730436, 1652721051.917573, 1652721061.0064433, 1652721066.559528, 1652721072.2512283, 1652721076.091234, 1652721081.0746653, 1652721083.8075757, 1652721090.1770298, 1652721097.5414708, 1652721099.824591, 1652721103.8424616, 1652721107.666288, 1652721111.8417032, 1652721115.0085564, 1652721119.9697473, 1652721126.4090035, 1652721128.7049532, 1652721133.9065187, 1652721142.738261, 1652721147.1771524, 1652721154.3789883, 1652721158.7502975, 1652721163.5481503, 1652721170.6447227, 1652721177.9613447, 1652721186.332417, 1652721188.8759508, 1652721194.730918, 1652721198.9153166, 1652721201.8575616, 1652721207.420735, 1652721211.8460612, 1652721215.680598, 1652721218.743034, 1652721224.163743, 1652721235.7188966, 1652721241.647676, 1652721251.8982496, 1652721258.7502403, 1652721264.7380168, 1652721270.5511184, 1652721274.5664055, 1652721277.565491, 1652721283.2136924, 1652721289.5099223, 1652721293.6168752, 1652721300.5533893, 1652721307.468229, 1652721312.71805, 1652721317.6554766, 1652721327.2579796, 1652721331.424101, 1652721337.5385172, 1652721345.8821077, 1652721350.4247293, 1652721365.2366292, 1652721373.0719097, 1652721380.177689, 1652721386.697242, 1652721396.2884984, 1652721407.0214684, 1652721423.3064177, 1652721436.1722171, 1652721447.118699, 1652721463.7740924, 1652721480.4522135, 1652721497.114391, 1652721513.7894936, 1652721530.4601328, 1652721547.1386142, 1652722183.0773003, 1652722199.747076, 1652722216.4173152, 1652722233.0828001, 1652722249.7586017, 1652722266.9494433, 1652722284.0631504, 1652722301.0164337, 1652722318.0530143, 1652722335.0567281, 1652722352.039441, 1652722369.296347, 1652722386.405462, 1652722403.4915524, 1652722420.7382238, 1652722437.4229217, 1652722454.1302776, 1652722470.8917506, 1652722487.5724654, 1652722504.2262235, 1652722520.8937118, 1652722537.573201, 1652722554.228904, 1652722570.9526746, 1652722587.6156678, 1652722604.280972, 1652722620.9481635, 1652722637.6269422, 1652722654.2969763, 1652722670.9706163, 1652722687.6292124, 1652722704.2914834, 1652722720.9603024, 1652722737.6967072, 1652722754.3551602, 1652722771.0353258, 1652722787.6970675, 1652722804.3574655, 1652722821.0255902, 1652722837.6924856, 1652722854.3609881, 1652722871.0338988, 1652722887.7001657, 1652722904.444136, 1652722921.0971117, 1652722937.7647893, 1652722954.4466834, 1652722971.1081562, 1652722987.7669122, 1652723004.4347403, 1652723021.1026952, 1652723037.7848215, 1652723054.4367802, 1652723071.1142194, 1652723087.7716205, 1652723104.456425, 1652723121.1116397, 1652723137.782409, 1652723154.4412637, 1652723171.1097488, 1652723182.9451349, 1652723199.6125104, 1652723213.765106, 1652723226.4878135, 1652723242.5993843, 1652723259.2669187, 1652723272.7428641, 1652723289.4013548, 1652723299.6200264, 1652723316.3427124, 1652723329.6698596, 1652723341.7003105, 1652723358.3769407, 1652723375.0436246, 1652724236.7669141, 1652724840.7676978, 1652725009.970742, 1652725020.0558467, 1652725036.7349145, 1652725046.1542192, 1652725059.8376577, 1652725068.6925445, 1652725085.3629503, 1652725094.2056477, 1652725105.6565814, 1652725117.9736917, 1652725134.6411154, 1652725148.0259755], "episode_lengths": [142, 117, 180, 191, 212, 312, 184, 229, 330, 373, 441, 633, 595, 910, 1000, 1000, 520, 1000, 561, 361, 408, 422, 467, 1000, 1000, 1000, 654, 369, 527, 472, 1000, 1000, 609, 440, 725, 584, 540, 541, 494, 490, 437, 329, 455, 393, 293, 422, 359, 427, 436, 383, 310, 465, 434, 278, 401, 356, 432, 315, 328, 283, 277, 319, 318, 264, 330, 387, 249, 311, 376, 386, 305, 360, 309, 268, 288, 281, 341, 273, 489, 338, 376, 361, 383, 355, 339, 300, 371, 397, 401, 339, 322, 323, 377, 359, 741, 535, 404, 442, 825, 406, 607, 562, 796, 570, 617, 849, 970, 923, 650, 935, 1000, 1000, 1000, 1000, 952, 794, 808, 590, 582, 582, 382, 490, 282, 187, 764, 338, 518, 152, 181, 333, 184, 196, 342, 174, 190, 327, 207, 332, 367, 266, 261, 152, 191, 270, 331, 341, 231, 299, 164, 382, 442, 137, 241, 229, 251, 190, 297, 387, 137, 312, 530, 267, 432, 261, 288, 427, 439, 501, 153, 352, 251, 176, 334, 266, 230, 183, 326, 693, 355, 616, 411, 359, 346, 241, 180, 338, 378, 247, 416, 415, 315, 295, 577, 250, 367, 500, 272, 890, 470, 426, 391, 576, 644, 977, 772, 656, 1000, 1000, 1000, 1000, 1000, 1000, 1000, 1000, 1000, 1000, 1000, 1000, 1000, 1000, 1000, 1000, 1000, 1000, 1000, 1000, 1000, 1000, 1000, 1000, 1000, 1000, 1000, 1000, 1000, 1000, 1000, 1000, 1000, 1000, 1000, 1000, 1000, 1000, 1000, 1000, 1000, 1000, 1000, 1000, 1000, 1000, 1000, 1000, 1000, 1000, 1000, 1000, 1000, 1000, 1000, 1000, 1000, 1000, 1000, 1000, 1000, 1000, 1000, 1000, 1000, 1000, 710, 1000, 849, 763, 967, 1000, 808, 1000, 613, 1000, 800, 722, 1000, 1000, 1000, 604, 1000, 603, 1000, 561, 816, 531, 1000, 531, 687, 739, 1000, 803],