{"initial_reset_timestamp": 1653583052.6454413, "timestamps": [1653583057.438214, 1653583058.8603218, 1653583060.2602632], "episode_lengths": [59, 86, 84], "episode_rewards": [-472.36379760696326, -207.61070209840221, -460.26245835908253], "episode_types": ["t", "t", "t", "t", "t"]}