{"initial_reset_timestamp": 1653583052.2958028, "timestamps": [1653583053.9578485, 1653583055.3910294, 1653583057.4091566, 1653583058.8603084, 1653583060.26025], "episode_lengths": [67, 80, 59, 86, 84], "episode_rewards": [-201.51860185494928, -118.97337210246158, -472.36379760696326, -207.61070209840221, -460.26245835908253], "episode_types": ["t", "t", "t", "t", "t", "t", "t", "t", "t", "t", "t", "t", "t", "t", "t"]}