{"initial_reset_timestamp": 1652939188.095388, "timestamps": [1652939545.0305042, 1652939546.8933012, 1652939550.0583704, 1652939551.7604504, 1652939555.3413737, 1652939557.4567983, 1652939560.599637, 1652939564.24501, 1652939567.222207, 1652939570.2517574, 1652939573.4335883, 1652939577.5966566, 1652939581.1087763, 1652939586.471818, 1652939592.11936, 1652939597.8485796, 1652939617.9663663, 1652939623.3415136, 1652939630.413218, 1652939636.940246, 1652939645.709376, 1652939657.3911777, 1652939675.1318917, 1652939680.9869003, 1652939687.779642, 1652939692.5850027, 1652939698.5403662, 1652939703.841538, 1652939709.6552422, 1652939715.0919526, 1652939722.2831562, 1652939728.5608227, 1652939734.9776487, 1652939747.858662, 1652939765.3912568, 1652939782.8345048, 1652939800.3671224, 1652939818.0367706, 1652939835.4484086, 1652939851.4642556, 1652939866.2897105, 1652939870.906983, 1652939880.3044872, 1652939885.8840475, 1652939891.6578915, 1652939904.1012702, 1652939921.5982711, 1652939927.1678338, 1652939936.828296, 1652939939.676928, 1652939945.0363107, 1652939960.877528, 1652939968.2412305, 1652939982.6760266, 1652940000.2702506, 1652940016.7906096, 1652940034.2892282, 1652940051.8916893, 1652940069.9680297, 1652940087.8003073, 1652940105.667614, 1652940123.1538932, 1652940140.875044, 1652940158.586458, 1652940176.2204602, 1652940194.8192153, 1652940213.2544103, 1652940234.3309762, 1652940262.423452, 1652940266.8036702, 1652940285.195808, 1652940307.8813872, 1652940333.6717756, 1652940360.471605, 1652940386.2549043, 1652940413.053834, 1652940441.3222227, 1652940473.1045914, 1652940504.7167895, 1652940531.8056824, 1652940571.33598, 1652940607.1791015, 1652940642.5649886, 1652940677.4622378, 1652940713.3170087, 1652940733.2814345, 1652940766.8713825, 1652940802.664797, 1652940838.819574, 1652940879.591274, 1652940922.847177, 1652940963.5323095, 1652941005.6322594, 1652941047.9288697, 1652941087.7931674, 1652941129.682963, 1652941172.0356758, 1652941214.366719, 1652941257.3079176, 1652941299.964213, 1652941345.8855007, 1652941387.8069797, 1652941431.8632944, 1652941477.0274749, 1652941520.0278857, 1652941562.100257, 1652941608.3545094, 1652941641.2624607, 1652941676.7868521, 1652941698.1182795, 1652941720.3180158, 1652941747.70185, 1652941769.9386399, 1652941791.8714821, 1652941821.0215986, 1652941862.4802122, 1652941899.862551, 1652941919.2204056, 1652941940.5541344, 1652941959.1797252, 1652941978.1622598, 1652941997.0047255, 1652942016.4118142, 1652942035.4229217, 1652942053.8519576, 1652942071.9115984, 1652942090.3033495, 1652942108.6167657, 1652942127.2359056, 1652942145.6739204, 1652942163.9415207, 1652942182.2919884, 1652942201.0198839, 1652942219.4125347, 1652942238.0020578, 1652942257.1741529, 1652942276.0287821, 1652942294.5255353, 1652942312.885796, 1652942331.2687259, 1652942350.2044792, 1652942368.674492, 1652942387.2243207, 1652942422.6053107, 1652942441.335819, 1652942459.7338963, 1652942478.1144087, 1652942496.7139237, 1652942515.6586747, 1652942534.1862125, 1652942553.1739357, 1652942571.735323, 1652942590.3468404, 1652942608.7694917, 1652942627.242948, 1652942645.6083431, 1652942664.5054052, 1652942682.7187572, 1652942701.0049376, 1652942719.2620802, 1652942737.468942, 1652942756.020178, 1652942775.5887005, 1652942792.640896, 1652942809.5001116, 1652942826.4307191, 1652942843.1112452, 1652942859.7748783, 1652942876.4388914, 1652942893.1025424, 1652942909.7835953, 1652942926.44755, 1652942943.130338, 1652942959.8131266, 1652942976.4873066, 1652942993.1552474, 1652943009.8525577, 1652943026.5443528, 1652943043.214171, 1652943059.895387, 1652943076.5932708, 1652943093.2601674, 1652943109.939473, 1652943126.6328087, 1652943143.3149712, 1652943159.9867344, 1652943176.6745522, 1652943193.3585644, 1652943210.0527182, 1652943226.7109208, 1652943243.4019978, 1652943260.0892377, 1652943276.7808793, 1652943293.453217, 1652943310.1405902, 1652943327.0587363, 1652943343.7316144, 1652943360.4161878, 1652943377.1039116, 1652943393.7872462, 1652943410.465903, 1652943427.396683, 1652943444.084865, 1652943460.8152847, 1652943477.5261924, 1652943494.2398014, 1652943511.0358293, 1652943527.733378, 1652943544.5161428, 1652943561.2796285, 1652943578.0333638, 1652943595.1245704, 1652943609.5250142, 1652943621.7051237, 1652943633.321253, 1652943644.7248836, 1652943657.8832781, 1652943665.5489073, 1652943678.7503595, 1652943685.6534667, 1652943697.328098, 1652943713.2271671, 1652943722.4294019, 1652943730.9587212, 1652943741.0562494, 1652943748.1056085, 1652943757.3130674, 1652943769.457908, 1652943777.8731246, 1652943789.586872, 1652943800.4008677, 1652943817.5950434, 1652943835.0791693, 1652943852.6920788, 1652943865.9628968, 1652943883.5261655, 1652943901.2360957, 1652943919.108981, 1652943937.1805913, 1652943955.280964, 1652943973.4080775, 1652943991.5454626, 1652944009.7912307, 1652944028.205428, 1652944046.623683, 1652944065.2685423, 1652944083.5946825, 1652944102.1403437, 1652944121.0242295, 1652944139.8589041, 1652944158.9030187, 1652944178.1960456, 1652944197.1331832, 1652944216.3603387, 1652944235.871377, 1652944255.4785843, 1652944274.704999, 1652944294.1814797, 1652944313.6410854, 1652944333.1470098, 1652944352.9220994, 1652944373.0645485, 1652944392.8415275, 1652944412.780263, 1652944432.7738862, 1652944452.962572, 1652944473.1579223, 1652944493.604376, 1652944513.6223214, 1652944533.836301, 1652944554.0119917, 1652944574.4676323, 1652944595.113587, 1652944615.4089677, 1652944633.6387365, 1652944650.352045, 1652944667.0660121, 1652944683.730394, 1652944700.4383454, 1652944715.1831958, 1652944724.585453, 1652944741.2645283, 1652944748.8703175, 1652944764.3664403, 1652944779.4614182, 1652944789.8004496, 1652944798.2039883, 1652944814.9978206, 1652944831.830164, 1652944843.4327443, 1652944853.4617522, 1652944862.4177816, 1652944873.389472, 1652944881.7126577, 1652944892.217296, 1652944903.426668, 1652944915.8370023, 1652944927.410219, 1652944943.1229248, 1652944952.9762998], "episode_lengths": [187, 106, 185, 100, 202, 122, 181, 214, 172, 176, 180, 240, 206, 320, 319, 332, 575, 309, 409, 375, 502, 662, 1000, 329, 383, 282, 333, 309, 326, 311, 414, 360, 376, 743, 1000, 1000, 1000, 1000, 1000, 901, 842, 269, 519, 301, 333, 723, 987, 311, 559, 163, 316, 912, 425, 816, 1000, 923, 1000, 1000, 1000, 1000, 1000, 1000, 1000, 1000, 1000, 1000, 1000, 1000, 1000, 213, 1000, 1000, 1000, 1000, 1000, 1000, 1000, 1000, 1000, 1000, 1000, 1000, 1000, 1000, 1000, 1000, 1000, 1000, 1000, 1000, 1000, 1000, 1000, 1000, 1000, 1000, 1000, 1000, 1000, 1000, 1000, 1000, 1000, 1000, 1000, 1000, 1000, 1000, 1000, 1000, 1000, 1000, 1000, 1000, 1000, 1000, 1000, 1000, 1000, 1000, 1000, 1000, 1000, 1000, 1000, 1000, 1000, 1000, 1000, 1000, 1000, 1000, 1000, 1000, 1000, 1000, 1000, 1000, 1000, 1000, 1000, 1000, 1000, 1000, 1000, 1000, 1000, 1000, 1000, 1000, 1000, 1000, 1000, 1000, 1000, 1000, 1000, 1000, 1000, 1000, 1000, 1000, 1000, 1000, 1000, 1000, 1000, 1000, 1000, 1000, 1000, 1000, 1000, 1000, 1000, 1000, 1000, 1000, 1000, 1000, 1000, 1000, 1000, 1000, 1000, 1000, 1000, 1000, 1000, 1000, 1000, 1000, 1000, 1000, 1000, 1000, 1000, 1000, 1000, 1000, 1000, 1000, 1000, 1000, 1000, 1000, 1000, 1000, 1000, 1000, 1000, 1000, 858, 724, 691, 656, 775, 450, 780, 403, 690, 942, 541, 496, 590, 413, 534, 698, 484, 662, 626, 1000, 1000, 1000, 735, 1000, 1000, 1000, 1000, 1000, 1000, 1000, 1000, 1000, 1000, 1000, 1000, 1000, 1000, 1000, 1000, 1000, 1000, 1000, 1000, 1000, 1000, 1000, 1000, 1000, 1000, 1000, 1000, 1000, 1000, 1000, 1000, 1000, 1000, 1000, 1000, 1000, 1000, 1000, 1000, 1000, 1000, 1000, 1000, 884, 564, 1000, 456, 929, 905, 620, 502, 1000, 1000, 689, 599, 531, 652, 492, 620, 658, 726, 677, 907, 571],