{"initial_reset_timestamp": 1653049790.6155264, "timestamps": [1653049795.3372831, 1653049797.777085, 1653049798.6589708], "episode_lengths": [59, 147, 53], "episode_rewards": [-368.657713595156, -1017.445398850596, -312.43590964291764], "episode_types": ["t", "t", "t", "t", "t"]}