{"initial_reset_timestamp": 1653049790.2989817, "timestamps": [1653049791.9083507, 1653049793.3252227, 1653049795.3097625, 1653049797.777073, 1653049798.6589582], "episode_lengths": [67, 80, 59, 147, 53], "episode_rewards": [-201.51860185494928, -118.97337210246158, -368.657713595156, -1017.445398850596, -312.43590964291764], "episode_types": ["t", "t", "t", "t", "t", "t", "t", "t", "t", "t", "t", "t", "t", "t", "t"]}