{"initial_reset_timestamp": 1653049102.4376364, "timestamps": [1653049104.073258, 1653049105.5233715, 1653049107.5907457, 1653049108.6088383, 1653049109.4587882], "episode_lengths": [67, 80, 61, 60, 51], "episode_rewards": [-201.51860185494928, -118.97337210246158, -151.4565628008169, -151.98678040306407, -129.73076232495018], "episode_types": ["t", "t", "t", "t", "t", "t", "t", "t", "t", "t", "t", "t", "t", "t", "t"]}