{"initial_reset_timestamp": 1653049102.7719643, "timestamps": [1653049107.6204727, 1653049108.6088512, 1653049109.4588017], "episode_lengths": [61, 60, 51], "episode_rewards": [-151.4565628008169, -151.98678040306407, -129.73076232495018], "episode_types": ["t", "t", "t", "t", "t"]}