{"initial_reset_timestamp": 1653055759.1784074, "timestamps": [1653055760.826096, 1653055762.2429502, 1653055764.24334, 1653055765.711753, 1653055766.7784958], "episode_lengths": [67, 80, 59, 87, 64], "episode_rewards": [-201.51860185494928, -118.97337210246158, -455.0425400942353, -555.376282165419, -377.6131773637326], "episode_types": ["t", "t", "t", "t", "t", "t", "t", "t", "t", "t", "t", "t", "t", "t", "t"]}