{"initial_reset_timestamp": 1653055759.5224307, "timestamps": [1653055764.272675, 1653055765.7117665, 1653055766.7785106], "episode_lengths": [59, 87, 64], "episode_rewards": [-455.0425400942353, -555.376282165419, -377.6131773637326], "episode_types": ["t", "t", "t", "t", "t"]}