{"initial_reset_timestamp": 1653046898.699136, "timestamps": [1653046905.456157, 1653046907.1307888, 1653046909.080944], "episode_lengths": [111, 101, 117], "episode_rewards": [-605.3693462910314, -710.3094656461082, -529.3993826587784], "episode_types": ["t", "t", "t", "t", "t"]}