{"initial_reset_timestamp": 1653046896.991592, "timestamps": [1653046900.1622722, 1653046901.6124578, 1653046905.4305167, 1653046907.130777, 1653046909.080932], "episode_lengths": [67, 80, 111, 101, 117], "episode_rewards": [-201.51860185494928, -118.97337210246158, -605.3693462910314, -710.3094656461082, -529.3993826587784], "episode_types": ["t", "t", "t", "t", "t", "t", "t", "t", "t", "t", "t", "t", "t", "t", "t"]}