{"initial_reset_timestamp": 1653055635.373421, "timestamps": [1653055640.2661352, 1653055641.2546887, 1653055642.1036806], "episode_lengths": [61, 60, 51], "episode_rewards": [-139.18939548066123, -139.2968711755114, -119.36800082154872], "episode_types": ["t", "t", "t", "t", "t"]}