{"initial_reset_timestamp": 1653055634.981209, "timestamps": [1653055636.6699495, 1653055638.1200495, 1653055640.2372692, 1653055641.2546737, 1653055642.103667], "episode_lengths": [67, 80, 61, 60, 51], "episode_rewards": [-201.51860185494928, -118.97337210246158, -139.18939548066123, -139.2968711755114, -119.36800082154872], "episode_types": ["t", "t", "t", "t", "t", "t", "t", "t", "t", "t", "t", "t", "t", "t", "t"]}