{"initial_reset_timestamp": 1653056491.130734, "timestamps": [1653056496.7770255, 1653056498.2504933, 1653056499.6492977], "episode_lengths": [87, 89, 84], "episode_rewards": [-649.5066748330289, -653.9402257919612, -582.3134416381706], "episode_types": ["t", "t", "t", "t", "t"]}