{"initial_reset_timestamp": 1653056490.7798796, "timestamps": [1653056492.429099, 1653056493.8304703, 1653056496.747944, 1653056498.2504787, 1653056499.6492846], "episode_lengths": [67, 80, 87, 89, 84], "episode_rewards": [-201.51860185494928, -118.97337210246158, -649.5066748330289, -653.9402257919612, -582.3134416381706], "episode_types": ["t", "t", "t", "t", "t", "t", "t", "t", "t", "t", "t", "t", "t", "t", "t"]}