{"initial_reset_timestamp": 1653072122.715731, "timestamps": [1653072124.4376442, 1653072125.8708227, 1653072127.9580226, 1653072129.3600926, 1653072130.31028], "episode_lengths": [67, 80, 59, 83, 57], "episode_rewards": [-201.51860185494928, -118.97337210246158, -534.3845533516409, -780.9298049768998, -479.0169612141459], "episode_types": ["t", "t", "t", "t", "t", "t", "t", "t", "t", "t", "t", "t", "t", "t", "t"]}