{"initial_reset_timestamp": 1653072123.1126146, "timestamps": [1653072127.9830174, 1653072129.3601072, 1653072130.3102963], "episode_lengths": [59, 83, 57], "episode_rewards": [-534.3845533516409, -780.9298049768998, -479.0169612141459], "episode_types": ["t", "t", "t", "t", "t"]}