{"initial_reset_timestamp": 1653050191.0963643, "timestamps": [1653050195.8409696, 1653050197.3814762, 1653050198.4311872], "episode_lengths": [59, 93, 63], "episode_rewards": [-455.0425400942353, -1117.346552552749, -612.6680901744919], "episode_types": ["t", "t", "t", "t", "t"]}