{"initial_reset_timestamp": 1653050190.7420163, "timestamps": [1653050192.4123435, 1653050193.8119726, 1653050195.8147802, 1653050197.3813784, 1653050198.4311733], "episode_lengths": [67, 80, 59, 93, 63], "episode_rewards": [-201.51860185494928, -118.97337210246158, -455.0425400942353, -1117.346552552749, -612.6680901744919], "episode_types": ["t", "t", "t", "t", "t", "t", "t", "t", "t", "t", "t", "t", "t", "t", "t"]}