{"initial_reset_timestamp": 1653582939.107276, "timestamps": [1653582940.7526855, 1653582942.1859477, 1653582944.1873193, 1653582946.2217383, 1653582947.3549588], "episode_lengths": [67, 80, 58, 121, 68], "episode_rewards": [-201.51860185494928, -118.97337210246158, -522.4278582242862, -766.1233210356278, -551.8756145435578], "episode_types": ["t", "t", "t", "t", "t", "t", "t", "t", "t", "t", "t", "t", "t", "t", "t"]}