{"initial_reset_timestamp": 1653582939.450253, "timestamps": [1653582944.2154315, 1653582946.221751, 1653582947.3549726], "episode_lengths": [58, 121, 68], "episode_rewards": [-522.4278582242862, -766.1233210356278, -551.8756145435578], "episode_types": ["t", "t", "t", "t", "t"]}