{"initial_reset_timestamp": 1653072748.3471496, "timestamps": [1653072749.9718883, 1653072751.4049742, 1653072755.1575031, 1653072756.8546517, 1653072758.8074172], "episode_lengths": [67, 80, 111, 101, 117], "episode_rewards": [-201.51860185494928, -118.97337210246158, -605.3693462910314, -710.3094656461082, -529.3993826587784], "episode_types": ["t", "t", "t", "t", "t", "t", "t", "t", "t", "t", "t", "t", "t", "t", "t"]}