{"initial_reset_timestamp": 1653072748.669748, "timestamps": [1653072755.1852632, 1653072756.8546586, 1653072758.8074315], "episode_lengths": [111, 101, 117], "episode_rewards": [-605.3693462910314, -710.3094656461082, -529.3993826587784], "episode_types": ["t", "t", "t", "t", "t"]}