{"initial_reset_timestamp": 1653581778.7574763, "timestamps": [1653581780.4044287, 1653581781.8218215, 1653581783.9391623, 1653581785.4394875, 1653581786.8886385], "episode_lengths": [67, 80, 62, 89, 87], "episode_rewards": [-201.51860185494928, -118.97337210246158, -261.16957493330995, -302.5831581035463, -257.31683579844844], "episode_types": ["t", "t", "t", "t", "t", "t", "t", "t", "t", "t", "t", "t", "t", "t", "t"]}