{"initial_reset_timestamp": 1653581779.1022525, "timestamps": [1653581783.9673905, 1653581785.4395, 1653581786.8886516], "episode_lengths": [62, 89, 87], "episode_rewards": [-261.16957493330995, -302.5831581035463, -257.31683579844844], "episode_types": ["t", "t", "t", "t", "t"]}