{"initial_reset_timestamp": 1652725047.4827447, "timestamps": [1652725395.3603873, 1652725401.194277, 1652725410.3454626, 1652725427.01464, 1652725443.6864939, 1652725460.3506494, 1652725477.0185812, 1652725493.6875305, 1652725504.0391588, 1652725512.7146068, 1652725517.965187, 1652725522.0065377, 1652725530.4820428, 1652725547.1421285, 1652725563.8204725, 1652725580.4810903, 1652725607.6314187, 1652725611.2324765, 1652725626.5395432, 1652725636.5520074, 1652725653.218388, 1652725664.154446, 1652725680.8222277, 1652725690.2382233, 1652725700.8726256, 1652725713.2230542, 1652725729.892087, 1652725739.0753543, 1652725755.7449439, 1652725762.5276752, 1652725779.1986482, 1652725790.9305687, 1652725807.5985188, 1652725824.270176, 1652725840.935463, 1652725857.6029136, 1652725874.2701912, 1652725890.9387064, 1652725907.6064396, 1652725924.2845066, 1652725940.942293, 1652726019.764999, 1652727019.7677777, 1652728020.76001, 1652729020.7631197, 1652730020.7616951, 1652731020.7603025, 1652732020.764222, 1652733020.7602868, 1652734020.7611825, 1652735020.7606304, 1652736020.760603, 1652737020.7620692, 1652738020.760404, 1652739020.760848, 1652740020.7611718, 1652741020.7618341, 1652742020.7613082, 1652743020.7602987, 1652744020.7620053, 1652745020.759393, 1652746020.7613611, 1652747020.7616415, 1652747408.761414, 1652748408.7612903, 1652749408.762163, 1652749586.761179, 1652750586.7614782, 1652751106.9088426, 1652751123.5764852, 1652751822.7607157, 1652752822.7621517, 1652753822.7611778, 1652754822.7614012, 1652755386.183786, 1652755402.8599737, 1652755409.3829868, 1652755426.0532072, 1652755442.727295, 1652755459.400078, 1652755476.054145, 1652755492.7373743, 1652755509.3904579, 1652755526.0665054, 1652755532.595016, 1652755549.257267, 1652755565.9470708, 1652755582.6174674, 1652755599.4117966, 1652755617.2649286, 1652755634.9478502, 1652755652.9920294, 1652755670.3000216, 1652755688.579677, 1652755706.3836722, 1652755724.6181662, 1652755742.4820755, 1652755760.3661306, 1652755778.090249, 1652755796.21187, 1652755814.7453027, 1652755821.1662037, 1652755838.9317594, 1652755857.2722082, 1652755877.3647232, 1652755895.4517658, 1652755913.234688, 1652755931.2672744, 1652755949.6543586, 1652755967.1875477, 1652755985.0216963, 1652756003.0409389, 1652756020.974474, 1652756039.0415778, 1652756056.8587508, 1652756075.2524018, 1652756093.066973, 1652756111.053931, 1652756128.8836038, 1652756146.8018527, 1652756164.1330998, 1652756181.7196047, 1652756199.4167655, 1652756217.1636684, 1652756234.7429886, 1652756252.4529622, 1652756270.3024926, 1652756287.911012, 1652756305.4260278, 1652756323.1745656, 1652756340.5957065, 1652756357.735321, 1652756375.082369, 1652756392.693365, 1652756409.9022877, 1652756427.0477085, 1652756444.2533486, 1652756461.4993706, 1652756478.8523629, 1652756496.1427264, 1652756513.2751038, 1652756530.6549454, 1652756547.7413552, 1652756581.4442124, 1652756598.5344706, 1652756615.5678306, 1652756632.5087183, 1652756649.5466948, 1652756666.673801, 1652756683.7406192, 1652756700.8205187, 1652756718.045309, 1652756735.9434917, 1652756753.5447245, 1652756770.8148603, 1652756788.2631493, 1652756806.0196044, 1652756823.7732408, 1652756841.050694, 1652756858.1197116, 1652756875.402942, 1652756892.6512055, 1652756909.72467, 1652756926.975668, 1652756944.5239453, 1652756961.4098983, 1652756978.4924147, 1652756995.512653, 1652757012.5272858, 1652757029.5519855, 1652757046.623105, 1652757063.5270538, 1652757080.447636, 1652757097.566594, 1652757114.5173748, 1652757131.4919238, 1652757148.3181455, 1652757165.203234, 1652757181.9730268, 1652757198.7889216, 1652757215.623325, 1652757232.542016, 1652757249.389659, 1652757266.0949366, 1652757282.9960399, 1652757299.7297375, 1652757316.6112525, 1652757333.3569613, 1652757350.178435, 1652757366.8580887, 1652757383.63939, 1652757400.3848073, 1652757417.1150346, 1652757433.8754423, 1652757450.6101093, 1652757467.4148953, 1652757484.578014, 1652757501.6581182, 1652757518.4470327, 1652757535.2175162, 1652757552.1864197, 1652757568.9826298, 1652757585.8070645, 1652757602.7200894, 1652757619.6388156, 1652757636.5949051, 1652757653.7093906, 1652757670.9105725, 1652757688.0841088, 1652757705.73206, 1652758047.7693837, 1652759047.7696698, 1652760047.7733998, 1652761047.7735853, 1652762047.7730923, 1652763047.7696414, 1652764047.7691658, 1652764912.1225824, 1652764928.9980018, 1652765304.774479, 1652766304.7708545, 1652767304.7700043, 1652768304.7692783, 1652769304.7756786, 1652770304.7706692, 1652771304.7705374, 1652772147.7296562, 1652772168.1008134, 1652772188.0945866, 1652772213.6332579, 1652772237.2299206, 1652772262.0273356, 1652772292.615956, 1652772315.0092666, 1652772335.6401188, 1652772356.243445, 1652772376.192206, 1652772398.2183394, 1652772418.6735563, 1652772441.214093, 1652772462.1573017, 1652772482.744428, 1652772507.094563, 1652772531.7205622, 1652772558.4543357, 1652772586.1258917, 1652772612.4224403, 1652772638.7114124, 1652772665.6533294, 1652772692.137841, 1652772717.1478288, 1652772739.1722453, 1652772768.7940044, 1652772798.220847, 1652772827.2720983, 1652772857.1175818, 1652772886.0108194, 1652772911.5014946, 1652772936.3421154, 1652772959.4979107, 1652772981.5925858, 1652773003.5545545, 1652773025.788158, 1652773048.1401396, 1652773071.9809895, 1652773095.4974127, 1652773119.430375, 1652773142.7106884, 1652773168.2847936, 1652773191.9791834, 1652773216.6567817, 1652773240.2039406, 1652773264.5575159, 1652773290.2298963, 1652773315.8577006, 1652773342.0738208, 1652773366.0955591, 1652773392.56027, 1652773417.2988412, 1652773442.7026694, 1652773468.7936554, 1652773494.4579275, 1652773520.9773097, 1652773545.4097173, 1652773570.3227928, 1652773593.829139, 1652773617.674038, 1652773643.1931987, 1652773668.8026443, 1652773695.9264174, 1652773721.7376022, 1652773747.6612356, 1652773773.4259815, 1652773799.9027755, 1652773827.2110147, 1652773854.2022548, 1652773880.0112035, 1652773905.6466753, 1652773932.3863118, 1652773959.8523602], "episode_lengths": [225, 350, 549, 1000, 1000, 1000, 1000, 1000, 621, 520, 315, 243, 508, 1000, 1000, 1000, 811, 214, 918, 601, 1000, 656, 1000, 565, 638, 741, 1000, 551, 1000, 407, 1000, 704, 1000, 1000, 1000, 1000, 1000, 1000, 1000, 1000, 1000, 1000, 1000, 1000, 1000, 1000, 1000, 1000, 1000, 1000, 1000, 1000, 1000, 1000, 1000, 1000, 1000, 1000, 1000, 1000, 1000, 1000, 1000, 388, 1000, 1000, 1000, 1000, 1000, 1000, 1000, 1000, 1000, 1000, 1000, 1000, 392, 1000, 1000, 1000, 1000, 1000, 1000, 1000, 392, 1000, 1000, 1000, 1000, 1000, 1000, 1000, 1000, 1000, 1000, 1000, 1000, 1000, 1000, 1000, 1000, 345, 1000, 1000, 1000, 1000, 1000, 1000, 1000, 1000, 1000, 1000, 1000, 1000, 1000, 1000, 1000, 1000, 1000, 1000, 1000, 1000, 1000, 1000, 1000, 1000, 1000, 1000, 1000, 1000, 1000, 1000, 1000, 1000, 1000, 1000, 1000, 1000, 1000, 1000, 1000, 1000, 1000, 1000, 1000, 1000, 1000, 1000, 1000, 1000, 1000, 1000, 1000, 1000, 1000, 1000, 1000, 1000, 1000, 1000, 1000, 1000, 1000, 1000, 1000, 1000, 1000, 1000, 1000, 1000, 1000, 1000, 1000, 1000, 1000, 1000, 1000, 1000, 1000, 1000, 1000, 1000, 1000, 1000, 1000, 1000, 1000, 1000, 1000, 1000, 1000, 1000, 1000, 1000, 1000, 1000, 1000, 1000, 1000, 1000, 1000, 1000, 1000, 1000, 1000, 1000, 1000, 1000, 1000, 1000, 1000, 1000, 1000, 1000, 1000, 1000, 1000, 1000, 1000, 1000, 1000, 1000, 1000, 1000, 1000, 1000, 1000, 1000, 1000, 1000, 1000, 1000, 1000, 1000, 1000, 1000, 1000, 1000, 1000, 1000, 1000, 1000, 1000, 1000, 1000, 1000, 1000, 1000, 1000, 1000, 1000, 1000, 1000, 1000, 1000, 1000, 1000, 1000, 1000, 1000, 1000, 1000, 1000, 1000, 1000, 1000, 1000, 1000, 1000, 1000, 1000, 1000, 1000, 1000, 1000, 1000, 1000, 1000, 1000, 1000, 1000, 1000, 1000, 1000, 1000, 1000, 1000, 1000, 1000, 1000, 1000, 1000, 1000, 1000, 1000, 1000, 1000, 1000, 1000, 1000],