{"initial_reset_timestamp": 1653072707.4468353, "timestamps": [1653072713.283012, 1653072714.5544288, 1653072716.3545508], "episode_lengths": [87, 77, 108], "episode_rewards": [-569.2592575913773, -651.1121412437182, -588.4296592109063], "episode_types": ["t", "t", "t", "t", "t"]}