{"initial_reset_timestamp": 1653072707.110959, "timestamps": [1653072708.7527726, 1653072710.2360392, 1653072713.2527816, 1653072714.554416, 1653072716.3545377], "episode_lengths": [67, 80, 87, 77, 108], "episode_rewards": [-201.51860185494928, -118.97337210246158, -569.2592575913773, -651.1121412437182, -588.4296592109063], "episode_types": ["t", "t", "t", "t", "t", "t", "t", "t", "t", "t", "t", "t", "t", "t", "t"]}