{"initial_reset_timestamp": 1653840292.6760006, "timestamps": [1653840294.3025026], "episode_lengths": [67], "episode_rewards": [-201.51860185494928], "episode_types": ["t", "t", "t", "t", "t", "t"]}