{"initial_reset_timestamp": 1653049987.588694, "timestamps": [1653049992.3312793, 1653049993.7873013, 1653049994.9709067], "episode_lengths": [59, 88, 71], "episode_rewards": [-455.0425400942353, -662.4592552336142, -579.5487263080252], "episode_types": ["t", "t", "t", "t", "t"]}