{"initial_reset_timestamp": 1653049987.2591734, "timestamps": [1653049988.8848908, 1653049990.3016586, 1653049992.3034825, 1653049993.7872877, 1653049994.9708939], "episode_lengths": [67, 80, 59, 88, 71], "episode_rewards": [-201.51860185494928, -118.97337210246158, -455.0425400942353, -662.4592552336142, -579.5487263080252], "episode_types": ["t", "t", "t", "t", "t", "t", "t", "t", "t", "t", "t", "t", "t", "t", "t"]}