{"initial_reset_timestamp": 1653580781.6669314, "timestamps": [1653580786.4299893, 1653580788.871822, 1653580789.7553244], "episode_lengths": [59, 147, 53], "episode_rewards": [-534.3845533516409, -1017.445398850596, -452.39064531126144], "episode_types": ["t", "t", "t", "t", "t"]}