{"initial_reset_timestamp": 1653580781.3215551, "timestamps": [1653580782.96969, 1653580784.3866425, 1653580786.4064257, 1653580788.8718102, 1653580789.7553105], "episode_lengths": [67, 80, 59, 147, 53], "episode_rewards": [-201.51860185494928, -118.97337210246158, -534.3845533516409, -1017.445398850596, -452.39064531126144], "episode_types": ["t", "t", "t", "t", "t", "t", "t", "t", "t", "t", "t", "t", "t", "t", "t"]}