{"initial_reset_timestamp": 1653584542.7952807, "timestamps": [1653584897.6806173, 1653584899.8640192, 1653584901.9776099, 1653584903.4807618, 1653584904.909325, 1653584905.9816709, 1653584907.196853, 1653584908.2603097, 1653584909.7626097, 1653584911.6807656, 1653584913.3467488, 1653584915.3482213, 1653584917.408997, 1653584919.7132874, 1653584921.360216, 1653584923.1981015, 1653584925.6156764, 1653584927.1155212, 1653584928.0654063, 1653584929.2604313, 1653584931.245035, 1653584932.6986094, 1653584935.4269755, 1653584936.748864, 1653584938.7325265, 1653584940.6826162, 1653584941.8795784, 1653584942.811792, 1653584944.463096, 1653584945.932796, 1653584947.533111, 1653584949.2936487, 1653584950.9115696, 1653584952.7173605, 1653584953.811755, 1653584954.8602865, 1653584955.9482803, 1653584958.3163145, 1653584960.3840275, 1653584962.0018473, 1653584963.5837393, 1653584964.6845205, 1653584966.0344217, 1653584967.950523, 1653584969.5469263, 1653584971.164744, 1653584972.8522315, 1653584974.2951865, 1653584975.915249, 1653584977.962927, 1653584979.1845224, 1653584981.1331804, 1653584983.4305398, 1653584984.9179811, 1653584986.9320416, 1653584988.748738, 1653584990.686442, 1653584992.4193556, 1653584994.3521383, 1653584996.385174, 1653584997.50198, 1653584998.8991096, 1653585000.4197788, 1653585002.4192317, 1653585004.3036761, 1653585005.6495914, 1653585006.9698155, 1653585008.13661, 1653585009.669799, 1653585010.9702544, 1653585012.1804376, 1653585013.952006, 1653585015.4699306, 1653585016.8193662, 1653585018.7033908, 1653585021.0162203, 1653585022.582286, 1653585024.422182, 1653585025.4711537, 1653585026.604649, 1653585028.4364107, 1653585029.5712433, 1653585031.2040453, 1653585032.9871688, 1653585034.621121, 1653585036.8216615, 1653585038.2209246, 1653585039.6372526, 1653585041.7065277, 1653585043.6546273, 1653585045.0885699, 1653585047.1033967, 1653585049.2990172, 1653585051.254398, 1653585053.30545, 1653585054.6853805, 1653585055.839412, 1653585057.3005743, 1653585058.4680429, 1653585060.0333133, 1653585061.2675064, 1653585063.1176844, 1653585064.9509892, 1653585066.6845775, 1653585068.9892457, 1653585070.3229005, 1653585071.489928, 1653585072.7227347, 1653585074.9344246, 1653585076.7742035, 1653585078.402772, 1653585079.3918235, 1653585080.92038, 1653585083.001684, 1653585084.17343, 1653585086.5368636, 1653585088.4045644, 1653585089.8898804, 1653585091.5583527, 1653585093.2413309, 1653585095.4069395, 1653585097.5235064, 1653585099.3560276, 1653585101.0100646, 1653585103.0081904, 1653585104.9188976, 1653585106.1931171, 1653585107.2091913, 1653585108.9852896, 1653585110.124715, 1653585111.3430054, 1653585113.209123, 1653585114.9205856, 1653585116.9030132, 1653585118.7437592, 1653585120.109434, 1653585121.7767053, 1653585123.2763789, 1653585124.7934113, 1653585126.9922082, 1653585128.2434883, 1653585130.5911944, 1653585132.5103476, 1653585137.1744535, 1653585139.1441028, 1653585141.194411, 1653585142.9453442, 1653585144.4045594, 1653585146.1119437, 1653585148.2785861, 1653585150.2394485, 1653585152.008819, 1653585153.1918404, 1653585155.212624, 1653585157.1137528, 1653585158.1610334, 1653585160.2746978, 1653585162.5946817, 1653585164.8961744, 1653585166.3233042, 1653585167.5078802, 1653585169.9103289, 1653585171.3957393, 1653585172.676616, 1653585174.373856, 1653585176.3424003, 1653585178.6603384, 1653585181.1401217, 1653585184.6954014, 1653585186.4633934, 1653585188.0624914, 1653585189.6777668, 1653585191.5410063, 1653585193.9434376, 1653585195.0147128, 1653585197.5145211, 1653585199.4290853, 1653585200.6394846, 1653585202.724245, 1653585204.830782, 1653585207.3317435, 1653585209.3645627, 1653585210.7483983, 1653585212.4817984, 1653585214.5760725, 1653585216.1656907, 1653585218.8082888, 1653585221.4461427, 1653585222.5757604, 1653585224.0278428, 1653585226.1125853, 1653585228.4127448, 1653585229.9274943, 1653585231.3482609, 1653585235.1936824, 1653585237.1658666, 1653585239.4278774, 1653585240.6955497, 1653585242.6765964, 1653585245.1352074, 1653585248.032858, 1653585249.242606, 1653585250.8341165, 1653585253.1509483, 1653585255.3014638, 1653585257.2964764, 1653585259.03338, 1653585261.1515362, 1653585263.4838605, 1653585265.700542, 1653585267.49363, 1653585269.9958475, 1653585271.0613632, 1653585272.1807704, 1653585274.5158992, 1653585275.8976955, 1653585277.736094, 1653585279.2152386, 1653585281.1345696, 1653585282.830179, 1653585284.335886, 1653585286.050791, 1653585287.9961176, 1653585289.6126118, 1653585291.5530868, 1653585293.4699903, 1653585295.1859024, 1653585296.8026738, 1653585298.282611, 1653585300.918473, 1653585303.4526002, 1653585305.003195, 1653585306.367354, 1653585309.752355, 1653585312.0465884, 1653585314.6860778, 1653585317.370877, 1653585319.071382, 1653585320.2017393, 1653585321.4319096, 1653585324.1681492, 1653585326.7306616, 1653585329.0812104, 1653585330.5698178, 1653585332.654264, 1653585334.9383266, 1653585337.3874648, 1653585339.1046197, 1653585340.5493453, 1653585343.2387824, 1653585344.5380847, 1653585346.8650355, 1653585348.8053467, 1653585351.355641, 1653585352.918163, 1653585354.735491, 1653585358.2393987, 1653585361.0910594, 1653585362.9657748, 1653585366.2914512, 1653585367.6074069, 1653585370.072986, 1653585371.568816, 1653585373.1418462, 1653585374.7369227, 1653585376.4702008, 1653585378.2862518, 1653585381.837711, 1653585384.2551005, 1653585385.7390878, 1653585387.4331744, 1653585390.6355166, 1653585392.6021316, 1653585396.5667202, 1653585397.8079696, 1653585400.836931, 1653585403.2917259, 1653585405.7850726, 1653585407.1896763, 1653585408.718704, 1653585411.1430876, 1653585412.3611627, 1653585414.32597, 1653585416.3935528, 1653585419.692593, 1653585422.076223, 1653585424.8522286, 1653585426.690847, 1653585429.7934752, 1653585433.443078, 1653585435.922039, 1653585437.3255959, 1653585438.604796, 1653585440.1372085, 1653585443.0767813, 1653585446.0611012, 1653585448.0922177, 1653585450.611804, 1653585452.5927176, 1653585454.391232], "episode_lengths": [100, 131, 127, 90, 86, 64, 73, 64, 90, 115, 100, 120, 124, 138, 99, 110, 69, 89, 57, 72, 119, 87, 164, 79, 119, 117, 72, 56, 99, 88, 96, 106, 97, 108, 66, 63, 65, 142, 124, 97, 95, 66, 81, 111, 96, 97, 101, 87, 97, 123, 73, 117, 138, 89, 121, 109, 116, 104, 116, 122, 67, 84, 91, 120, 113, 81, 79, 70, 92, 78, 73, 106, 91, 81, 113, 139, 94, 110, 63, 68, 110, 68, 98, 107, 98, 132, 84, 85, 124, 117, 86, 121, 132, 117, 123, 83, 69, 88, 70, 94, 74, 111, 110, 104, 138, 80, 70, 74, 133, 110, 98, 59, 92, 125, 70, 142, 112, 89, 100, 101, 130, 127, 110, 99, 120, 115, 76, 61, 107, 68, 73, 112, 103, 116, 110, 82, 100, 90, 91, 132, 75, 141, 115, 137, 117, 123, 105, 88, 102, 130, 118, 106, 71, 121, 114, 63, 127, 139, 138, 86, 71, 144, 89, 77, 102, 118, 139, 149, 213, 106, 96, 97, 112, 144, 64, 150, 115, 73, 125, 126, 150, 122, 83, 104, 126, 95, 159, 158, 68, 87, 125, 138, 91, 85, 231, 118, 136, 76, 119, 147, 174, 73, 95, 139, 129, 120, 104, 127, 140, 133, 108, 150, 64, 67, 140, 83, 110, 89, 115, 102, 90, 103, 117, 97, 116, 115, 103, 97, 89, 158, 152, 93, 82, 203, 138, 158, 161, 102, 68, 74, 164, 154, 141, 89, 125, 137, 147, 103, 87, 161, 78, 140, 116, 153, 94, 109, 210, 171, 113, 199, 79, 148, 90, 94, 96, 104, 109, 213, 145, 89, 102, 192, 118, 238, 74, 182, 147, 150, 84, 92, 145, 73, 118, 124, 198, 143, 167, 110, 186, 219, 149, 84, 77, 92, 176, 179, 122, 151, 119, 108],