{"initial_reset_timestamp": 1653573593.114479, "timestamps": [1653573594.749269, 1653573596.1661248, 1653573599.983523, 1653573601.2998579, 1653573602.8339326], "episode_lengths": [67, 80, 113, 78, 92], "episode_rewards": [-201.51860185494928, -118.97337210246158, -301.51918072082094, -123.44820559321533, -156.7044382523428], "episode_types": ["t", "t", "t", "t", "t", "t", "t", "t", "t", "t", "t", "t", "t", "t", "t"]}