{"initial_reset_timestamp": 1653573593.4395661, "timestamps": [1653573600.0094883, 1653573601.2998722, 1653573602.8339465], "episode_lengths": [113, 78, 92], "episode_rewards": [-301.51918072082094, -123.44820559321533, -156.7044382523428], "episode_types": ["t", "t", "t", "t", "t"]}