{"initial_reset_timestamp": 1653050253.8012917, "timestamps": [1653050258.6426802, 1653050259.632152, 1653050260.4823804], "episode_lengths": [61, 60, 51], "episode_rewards": [-139.18939548066123, -139.2968711755114, -119.36800082154872], "episode_types": ["t", "t", "t", "t", "t"]}