{"initial_reset_timestamp": 1653050253.41061, "timestamps": [1653050255.0982602, 1653050256.5649855, 1653050258.6150799, 1653050259.6321416, 1653050260.4823682], "episode_lengths": [67, 80, 61, 60, 51], "episode_rewards": [-201.51860185494928, -118.97337210246158, -139.18939548066123, -139.2968711755114, -119.36800082154872], "episode_types": ["t", "t", "t", "t", "t", "t", "t", "t", "t", "t", "t", "t", "t", "t", "t"]}