{"initial_reset_timestamp": 1653056170.3680818, "timestamps": [1653056175.144385, 1653056176.132211, 1653056176.9817758], "episode_lengths": [61, 60, 51], "episode_rewards": [-139.18939548066123, -139.2968711755114, -119.36800082154872], "episode_types": ["t", "t", "t", "t", "t"]}