{"initial_reset_timestamp": 1653056170.036027, "timestamps": [1653056171.631975, 1653056173.0648303, 1653056175.1154056, 1653056176.132198, 1653056176.9817631], "episode_lengths": [67, 80, 61, 60, 51], "episode_rewards": [-201.51860185494928, -118.97337210246158, -139.18939548066123, -139.2968711755114, -119.36800082154872], "episode_types": ["t", "t", "t", "t", "t", "t", "t", "t", "t", "t", "t", "t", "t", "t", "t"]}