{"initial_reset_timestamp": 1653047424.8476322, "timestamps": [1653047429.586571, 1653047430.9580748, 1653047431.9081345], "episode_lengths": [59, 83, 57], "episode_rewards": [-534.3845533516409, -780.9298049768998, -479.0169612141459], "episode_types": ["t", "t", "t", "t", "t"]}