{"initial_reset_timestamp": 1653047424.375892, "timestamps": [1653047426.1396568, 1653047427.555868, 1653047429.5580375, 1653047430.9580626, 1653047431.9081206], "episode_lengths": [67, 80, 59, 83, 57], "episode_rewards": [-201.51860185494928, -118.97337210246158, -534.3845533516409, -780.9298049768998, -479.0169612141459], "episode_types": ["t", "t", "t", "t", "t", "t", "t", "t", "t", "t", "t", "t", "t", "t", "t"]}