{"initial_reset_timestamp": 1653056455.575603, "timestamps": [1653056457.1953015, 1653056458.6120787, 1653056460.679478, 1653056461.6959906, 1653056462.5457976], "episode_lengths": [67, 80, 61, 60, 51], "episode_rewards": [-201.51860185494928, -118.97337210246158, -139.18939548066123, -139.2968711755114, -119.36800082154872], "episode_types": ["t", "t", "t", "t", "t", "t", "t", "t", "t", "t", "t", "t", "t", "t", "t"]}