{"initial_reset_timestamp": 1653056455.890406, "timestamps": [1653056460.707874, 1653056461.696003, 1653056462.54581], "episode_lengths": [61, 60, 51], "episode_rewards": [-139.18939548066123, -139.2968711755114, -119.36800082154872], "episode_types": ["t", "t", "t", "t", "t"]}