{"initial_reset_timestamp": 1654064571.4064195, "timestamps": [1654064574.8458135, 1654064577.041909, 1654064577.9283617, 1654064579.3293102, 1654064580.3686438, 1654064581.2278833, 1654064582.2612545, 1654064583.8605819, 1654064586.5255563, 1654064587.625403], "episode_lengths": [70, 61, 50, 83, 57, 52, 61, 95, 78, 62], "episode_rewards": [-550.5191269891125, -547.5026211941934, -331.20483848265354, -610.8078705780101, -400.7240161879694, -389.99787453380407, -462.69795259246575, -186.73444413718047, -522.2449253015935, -591.9853294779571], "episode_types": ["t", "t", "t", "t", "t", "t", "t", "t", "t", "t"]}