{"initial_reset_timestamp": 1653073277.5024052, "timestamps": [1653073312.0990794, 1653073314.011543, 1653073317.4498458, 1653073318.9761648, 1653073320.5726135, 1653073322.4298108, 1653073324.1843405, 1653073327.3816671, 1653073328.631014, 1653073329.809658, 1653073331.083455, 1653073332.4580817, 1653073333.7492714, 1653073335.400199, 1653073337.727948, 1653073339.2928684, 1653073341.128515, 1653073343.295975, 1653073346.9616084, 1653073350.4099238, 1653073351.8443675, 1653073359.488251, 1653073361.130735, 1653073363.1685994, 1653073365.318966, 1653073369.2848592, 1653073372.5103676, 1653073375.1998477, 1653073376.6653533, 1653073377.7941926], "episode_lengths": [172, 112, 206, 92, 96, 111, 105, 93, 74, 71, 76, 83, 77, 99, 140, 94, 110, 130, 220, 207, 86, 227, 98, 122, 129, 238, 194, 161, 88, 68], "episode_rewards": [-1250.687852686136, -384.5425187884446, -910.6290247617578, -264.63278126088795, -221.09343209973395, -279.7198162118643, -314.6525289370128, -267.2681083264696, -144.87706384321297, -119.61787770800288, -169.19227314601665, -50.22664002668401, 3.626683127819007, -42.19489862557646, 43.42498663473623, -197.4125561955101, -222.9607272536354, -183.7136156109599, -481.50784922353444, -98.61784022649334, -256.5137070184775, -288.8541573480871, -246.48348169702444, -163.92359566518314, -229.58783453852618, 2.4799608469986936, -288.4767876610617, -148.4798955177485, -395.606102649393, -330.95476235149295], "episode_types": ["t", "t", "t", "t", "t", "t", "t", "t", "t", "t", "t", "t", "t", "t", "t", "t", "t", "t", "t", "t", "t", "t", "t", "t", "t", "t", "t", "t", "t", "t", "t", "t", "t", "t", "t", "t", "t", "t", "t", "t", "t", "t", "t", "t", "t", "t", "t", "t", "t", "t"]}