{
	"initial_reset_timestamp": 1653073277.1380024,
	"timestamps": [1653073278.836355, 1653073280.2851512, 1653073282.8024883, 1653073284.4378724, 1653073285.8385723, 1653073287.8378046, 1653073289.7365568, 1653073291.0042605, 1653073292.3036368, 1653073294.004047, 1653073295.2536356, 1653073297.2627792, 1653073298.4297256, 1653073299.7453063, 1653073301.8408527, 1653073303.831143, 1653073305.7309594, 1653073306.8621862, 1653073308.074199, 1653073309.2287526, 1653073312.099064, 1653073314.0115268, 1653073317.4498298, 1653073318.9761553, 1653073320.5726063, 1653073322.4297945, 1653073324.184324, 1653073327.381654, 1653073328.6310039, 1653073329.8096504, 1653073331.0834405, 1653073332.458074, 1653073333.7492597, 1653073335.4001832, 1653073337.72794, 1653073339.2928615, 1653073341.128505, 1653073343.295965, 1653073346.9615998, 1653073350.4099174, 1653073351.8443604, 1653073359.4624608, 1653073361.1307268, 1653073363.1685855, 1653073365.318951, 1653073369.2848465, 1653073372.5103595, 1653073375.1998374, 1653073376.6653419, 1653073377.7941773],
	"episode_lengths": [67, 80, 74, 97, 84, 120, 114, 76, 72, 101, 75, 118, 70, 79, 126, 119, 114, 68, 73, 69, 172, 112, 206, 92, 96, 111, 105, 93, 74, 71, 76, 83, 77, 99, 140, 94, 110, 130, 220, 207, 86, 227, 98, 122, 129, 238, 194, 161, 88, 68],
	"episode_rewards": [-201.51860185494928, -118.97337210246158, -112.39400793778736, -76.93933190154851, -84.25109353548152, -123.6597862257357, -74.63659273977703, -82.87218087822393, -67.77134686794233, -203.22018383780753, -49.61918711435962, -70.59644302591425, -98.88108693335676, -113.6828081761011, -141.9874580495367, -430.3333565564215, 2.534837185656272, -228.6507473538989, -127.17819754514684, -72.7907863525368, -1250.687852686136, -384.5425187884446, -910.6290247617578, -264.63278126088795, -221.09343209973395, -279.7198162118643, -314.6525289370128, -267.2681083264696, -144.87706384321297, -119.61787770800288, -169.19227314601665, -50.22664002668401, 3.626683127819007, -42.19489862557646, 43.42498663473623, -197.4125561955101, -222.9607272536354, -183.7136156109599, -481.50784922353444, -98.61784022649334, -256.5137070184775, -288.8541573480871, -246.48348169702444, -163.92359566518314, -229.58783453852618, 2.4799608469986936, -288.4767876610617, -148.4798955177485, -395.606102649393, -330.95476235149295],
	"episode_types": ["t", "t", "t", "t", "t", "t", "t", "t", "t", "t", "t", "t", "t", "t", "t", "t", "t", "t", "t", "t", "t", "t", "t", "t", "t", "t", "t", "t", "t", "t", "t", "t", "t", "t", "t", "t", "t", "t", "t", "t", "t", "t", "t", "t", "t", "t", "t", "t", "t", "t", "t", "t", "t", "t", "t", "t", "t", "t", "t", "t", "t", "t", "t", "t", "t", "t", "t", "t", "t", "t", "t", "t", "t", "t", "t", "t", "t", "t", "t", "t", "t", "t", "t", "t", "t", "t", "t", "t", "t", "t", "t", "t", "t", "t", "t", "t", "t", "t", "t", "t", "t", "t", "t", "t", "t", "t", "t", "t", "t", "t", "t", "t", "t", "t", "t", "t", "t", "t", "t", "t", "t", "t", "t", "t", "t", "t", "t", "t", "t", "t", "t", "t", "t", "t", "t", "t", "t", "t", "t", "t", "t", "t", "t", "t", "t", "t", "t", "t", "t", "t"]
}