{"initial_reset_timestamp": 1653055582.4788334, "timestamps": [1653055584.3008318, 1653055585.7507231, 1653055587.8014953, 1653055588.8182063, 1653055589.6678088], "episode_lengths": [67, 80, 61, 60, 51], "episode_rewards": [-201.51860185494928, -118.97337210246158, -139.18939548066123, -139.2968711755114, -119.36800082154872], "episode_types": ["t", "t", "t", "t", "t", "t", "t", "t", "t", "t", "t", "t", "t", "t", "t"]}