{"initial_reset_timestamp": 1653055583.0337045, "timestamps": [1653055587.8312705, 1653055588.8182182, 1653055589.6678216], "episode_lengths": [61, 60, 51], "episode_rewards": [-139.18939548066123, -139.2968711755114, -119.36800082154872], "episode_types": ["t", "t", "t", "t", "t"]}