{"initial_reset_timestamp": 1653899621.6407173, "timestamps": [1653899625.1331525, 1653899627.0488899, 1653899628.4196043, 1653899629.6875432, 1653899631.1024883, 1653899632.0351443, 1653899632.8685126, 1653899634.1512544, 1653899635.8481503, 1653899637.2513], "episode_lengths": [71, 55, 80, 76, 85, 56, 50, 77, 51, 82], "episode_rewards": [-520.5948701247426, -446.8404831557624, -752.3379173470411, -639.1987969134818, -828.3776314029733, -380.661927745671, -389.19136370629445, -780.1285472774193, -312.9025217271769, -898.2850716900733], "episode_types": ["t", "t", "t", "t", "t", "t", "t", "t", "t", "t"]}