{"initial_reset_timestamp": 1653846282.9181974, "timestamps": [1653846286.30762, 1653846289.9743936, 1653846291.8567028, 1653846293.474022, 1653846294.825358], "episode_lengths": [93, 109, 112, 97, 81], "episode_rewards": [-621.7331687087252, -561.5222409354833, -542.2430880315317, -608.4831678636676, -616.371728844158], "episode_types": ["t", "t", "t", "t", "t"]}