{"initial_reset_timestamp": 1653582330.084335, "timestamps": [1653582331.7422955, 1653582333.1590343, 1653582335.1605244, 1653582336.5781882, 1653582337.9947743], "episode_lengths": [67, 80, 59, 84, 85], "episode_rewards": [-201.51860185494928, -118.97337210246158, -473.0080384739204, -463.1580301863073, -608.1587588373898], "episode_types": ["t", "t", "t", "t", "t", "t", "t", "t", "t", "t", "t", "t", "t", "t", "t"]}