{"initial_reset_timestamp": 1653582330.439451, "timestamps": [1653582335.1846902, 1653582336.5782018, 1653582337.994788], "episode_lengths": [59, 84, 85], "episode_rewards": [-473.0080384739204, -463.1580301863073, -608.1587588373898], "episode_types": ["t", "t", "t", "t", "t"]}