{"initial_reset_timestamp": 1653056434.2393034, "timestamps": [1653056439.0737305, 1653056440.0616896, 1653056440.9112017], "episode_lengths": [61, 60, 51], "episode_rewards": [-139.18939548066123, -139.2968711755114, -119.36800082154872], "episode_types": ["t", "t", "t", "t", "t"]}