{"initial_reset_timestamp": 1653056433.9150345, "timestamps": [1653056435.544196, 1653056436.994187, 1653056439.0452087, 1653056440.061677, 1653056440.9111884], "episode_lengths": [67, 80, 61, 60, 51], "episode_rewards": [-201.51860185494928, -118.97337210246158, -139.18939548066123, -139.2968711755114, -119.36800082154872], "episode_types": ["t", "t", "t", "t", "t", "t", "t", "t", "t", "t", "t", "t", "t", "t", "t"]}