{"initial_reset_timestamp": 1653581111.1850238, "timestamps": [1653581115.9121428, 1653581117.2884176, 1653581118.2383432], "episode_lengths": [59, 83, 57], "episode_rewards": [-534.3845533516409, -780.9298049768998, -479.0169612141459], "episode_types": ["t", "t", "t", "t", "t"]}