{"initial_reset_timestamp": 1653581110.8550353, "timestamps": [1653581112.4860554, 1653581113.9194186, 1653581115.8883376, 1653581117.2884054, 1653581118.2383301], "episode_lengths": [67, 80, 59, 83, 57], "episode_rewards": [-201.51860185494928, -118.97337210246158, -534.3845533516409, -780.9298049768998, -479.0169612141459], "episode_types": ["t", "t", "t", "t", "t", "t", "t", "t", "t", "t", "t", "t", "t", "t", "t"]}