{"initial_reset_timestamp": 1653072596.9370427, "timestamps": [1653072601.9096727, 1653072603.1822233, 1653072604.3825366], "episode_lengths": [64, 77, 72], "episode_rewards": [-595.6293873081626, -512.3621655688379, -634.6287426217854], "episode_types": ["t", "t", "t", "t", "t"]}