{"initial_reset_timestamp": 1653072596.617899, "timestamps": [1653072598.229585, 1653072599.6632926, 1653072601.8815782, 1653072603.1822062, 1653072604.3825228], "episode_lengths": [67, 80, 64, 77, 72], "episode_rewards": [-201.51860185494928, -118.97337210246158, -595.6293873081626, -512.3621655688379, -634.6287426217854], "episode_types": ["t", "t", "t", "t", "t", "t", "t", "t", "t", "t", "t", "t", "t", "t", "t"]}