{"initial_reset_timestamp": 1653050086.7508929, "timestamps": [1653050088.3732734, 1653050089.8066764, 1653050093.5246422, 1653050095.943678, 1653050097.2251928], "episode_lengths": [67, 80, 111, 144, 77], "episode_rewards": [-201.51860185494928, -118.97337210246158, -605.3693462910314, -888.0370623661676, -631.7354517782044], "episode_types": ["t", "t", "t", "t", "t", "t", "t", "t", "t", "t", "t", "t", "t", "t", "t"]}