{"initial_reset_timestamp": 1653050087.0750153, "timestamps": [1653050093.553713, 1653050095.9436917, 1653050097.2252047], "episode_lengths": [111, 144, 77], "episode_rewards": [-605.3693462910314, -888.0370623661676, -631.7354517782044], "episode_types": ["t", "t", "t", "t", "t"]}