{"initial_reset_timestamp": 1652888139.0398886, "timestamps": [1652888475.333884, 1652888477.8544009, 1652888481.2501612, 1652888483.9983826, 1652888487.2007623, 1652888492.271473, 1652888497.256406, 1652888502.1477025, 1652888507.6509795, 1652888515.1085348, 1652888521.7745917, 1652888538.4403923, 1652888555.1041358, 1652888571.7758176, 1652888588.4434986, 1652888605.1134343, 1652888638.6937773, 1652888655.934488, 1652888672.6669576, 1652888687.6967847, 1652888696.714483, 1652888708.0972397, 1652888714.5046518, 1652888722.6524677, 1652888729.9296994, 1652888744.1650414, 1652888761.683311, 1652888779.2329254, 1652888796.7374785, 1652888803.7895908, 1652888807.388844, 1652888819.6664336, 1652888824.3720384, 1652888841.9597492, 1652888852.2908442, 1652888863.580903, 1652888868.9396677, 1652888886.287817, 1652888903.7672563, 1652888915.15431, 1652888932.601937, 1652888950.1033158, 1652888967.8365934, 1652888978.435359, 1652888992.0179765, 1652889009.0472121, 1652889026.8133872, 1652889044.0199957, 1652889061.3826022, 1652889078.879502, 1652889096.4832633, 1652889114.1418352, 1652889131.1260853, 1652889149.0198154, 1652889165.4932814, 1652889182.8863652, 1652889200.3685443, 1652889218.1358323, 1652889235.6088889, 1652889252.5859225, 1652889270.139832, 1652889287.4050443, 1652889305.1045268, 1652889322.5116675, 1652889340.24617, 1652889357.6567082, 1652889374.9168725, 1652889393.2198613, 1652889410.1873155, 1652889427.7285864, 1652889445.117022, 1652889462.748205, 1652889480.926274, 1652889498.1642463, 1652889516.0584428, 1652889533.8793607, 1652889551.2951765, 1652889568.24552, 1652889586.0404017, 1652889604.0725849, 1652889621.7884357, 1652889640.0569215, 1652889658.2151146, 1652889675.2136447, 1652889692.721367, 1652889709.9431071, 1652889727.050486, 1652889745.0355456, 1652889762.7348957, 1652889780.5888894, 1652889798.8516343, 1652889816.9225914, 1652889835.4150467, 1652889853.3496554, 1652889870.650384, 1652889887.8770604, 1652889903.4341726, 1652889921.3105776, 1652889934.0628214, 1652889952.072963, 1652889969.547533, 1652889987.0736077, 1652890004.7855077, 1652890022.004929, 1652890038.9582376, 1652890056.6359496, 1652890074.2042131, 1652890091.5872324, 1652890109.018837, 1652890127.1231809, 1652890145.3970847, 1652890163.2413442, 1652890181.165576, 1652890199.000088, 1652890214.3622074, 1652890232.2909718, 1652890250.2461953, 1652890266.9152782, 1652890285.0070598, 1652890303.0673563, 1652890321.0178676, 1652890338.9536839, 1652890356.9351861, 1652890372.6193247, 1652890388.0406163, 1652890405.4777067, 1652890421.0466058, 1652890438.7915, 1652890457.6590698, 1652890476.4092414, 1652890494.283855, 1652890511.8818731, 1652890529.4309692, 1652890547.181663, 1652890565.954612, 1652890585.169423, 1652890603.0683012, 1652890620.9642622, 1652890638.98224, 1652890656.171333, 1652890673.626991, 1652890690.6478016, 1652890707.7021148, 1652890741.6089542, 1652890759.4065464, 1652890776.857147, 1652890793.7598794, 1652890811.0086281, 1652890828.282314, 1652890845.488683, 1652890863.750518, 1652890881.1662273, 1652890898.2420008, 1652890915.1478276, 1652890932.950338, 1652890950.1695704, 1652890967.3242273, 1652890984.8651161, 1652891002.2389212, 1652891019.4841883, 1652891036.8049774, 1652891053.8988426, 1652891070.943362, 1652891088.4074795, 1652891105.4828777, 1652891122.5627797, 1652891139.8712285, 1652891157.6592686, 1652891175.6874473, 1652891193.93326, 1652891211.3498101, 1652891228.7919176, 1652891246.3823674, 1652891264.3583174, 1652891281.5371466, 1652891299.586898, 1652891316.7833724, 1652891334.7368276, 1652891352.8896716, 1652891371.123693, 1652891389.4421802, 1652891406.9359107, 1652891425.531133, 1652891443.6617854, 1652891460.612303, 1652891477.766455, 1652891494.795631, 1652891511.9350777, 1652891528.9969385, 1652891545.8468616, 1652891562.8810778, 1652891580.783538, 1652891598.0696409, 1652891615.8878222, 1652891633.694417, 1652891652.1234756, 1652891669.6415174, 1652891688.3093467, 1652891706.8265924, 1652891724.720872, 1652891742.6420875, 1652891761.4089098, 1652891779.3701608, 1652891797.884347, 1652891816.4981673, 1652891834.5513783, 1652891852.3431163, 1652891868.762441, 1652891888.9179535, 1652891908.9116962, 1652891927.3004563, 1652891943.858589, 1652891963.5478284, 1652891983.287776, 1652892004.0786023, 1652892021.6022651, 1652892038.8725004, 1652892054.2407308, 1652892073.531172, 1652892088.576864, 1652892109.510055, 1652892119.2549453, 1652892140.246612, 1652892158.6205306, 1652892175.5364904, 1652892193.7199957, 1652892210.9591084, 1652892231.9196944, 1652892250.452488, 1652892268.9710283, 1652892290.2431574, 1652892313.1885712, 1652892331.461714, 1652892348.7753701, 1652892368.781473, 1652892386.1530712, 1652892403.3828094, 1652892420.7753394, 1652892440.525053, 1652892458.6488771, 1652892476.488206, 1652892494.9472191, 1652892514.848008, 1652892538.7389617, 1652892560.530741, 1652892582.4689856, 1652892604.123583, 1652892629.3658965, 1652892651.363676, 1652892674.0826547, 1652892696.352176, 1652892719.64621, 1652892742.713689, 1652892766.5646982, 1652892788.6907496, 1652892811.0102491, 1652892832.56935, 1652892855.804296, 1652892883.5577095, 1652892908.2430077, 1652892931.6273386, 1652892954.9785106, 1652892980.736039, 1652893006.9319801, 1652893025.5094383, 1652893047.9840753, 1652893071.7860231, 1652893095.053361, 1652893118.2994578, 1652893141.9344301, 1652893166.3896303, 1652893190.043418, 1652893215.065873, 1652893238.503034, 1652893261.9195938, 1652893285.4582686, 1652893308.5420165, 1652893332.5368724, 1652893356.837792, 1652893380.0939288, 1652893406.9011908, 1652893434.020552, 1652893460.7348826, 1652893486.5109248, 1652893511.2388778, 1652893524.4836206, 1652893552.0340185, 1652893580.4943771, 1652893603.5382419, 1652893625.9440954, 1652893647.492103, 1652893674.118062, 1652893698.2592025, 1652893720.2168763, 1652893741.4079938, 1652893762.71619, 1652893787.5337715, 1652893812.5728767, 1652893835.851161, 1652893855.9791906], "episode_lengths": [148, 151, 204, 165, 192, 304, 299, 293, 331, 447, 400, 1000, 1000, 1000, 1000, 1000, 1000, 1000, 1000, 870, 530, 673, 373, 472, 423, 806, 1000, 1000, 1000, 405, 209, 724, 273, 1000, 602, 658, 307, 1000, 1000, 652, 1000, 1000, 1000, 591, 774, 1000, 1000, 1000, 1000, 1000, 1000, 1000, 1000, 1000, 934, 1000, 1000, 1000, 1000, 1000, 1000, 1000, 1000, 1000, 1000, 1000, 1000, 1000, 1000, 1000, 1000, 1000, 1000, 1000, 1000, 1000, 1000, 1000, 1000, 1000, 1000, 1000, 1000, 1000, 1000, 1000, 1000, 1000, 1000, 1000, 1000, 1000, 1000, 1000, 1000, 1000, 870, 1000, 690, 1000, 1000, 1000, 1000, 1000, 1000, 1000, 1000, 1000, 1000, 1000, 1000, 1000, 1000, 1000, 881, 1000, 1000, 923, 1000, 1000, 1000, 1000, 1000, 887, 877, 1000, 874, 1000, 1000, 1000, 1000, 1000, 1000, 1000, 1000, 1000, 1000, 1000, 1000, 1000, 1000, 1000, 1000, 1000, 1000, 1000, 1000, 1000, 1000, 1000, 1000, 1000, 1000, 1000, 1000, 1000, 1000, 1000, 1000, 1000, 1000, 1000, 1000, 1000, 1000, 1000, 1000, 1000, 1000, 1000, 1000, 1000, 1000, 1000, 1000, 1000, 1000, 1000, 1000, 1000, 1000, 1000, 1000, 1000, 1000, 1000, 1000, 1000, 1000, 1000, 1000, 1000, 1000, 1000, 1000, 1000, 1000, 1000, 1000, 1000, 1000, 1000, 1000, 1000, 1000, 1000, 1000, 909, 1000, 983, 1000, 904, 990, 1000, 1000, 1000, 1000, 879, 1000, 743, 1000, 488, 1000, 1000, 892, 946, 899, 1000, 901, 912, 1000, 1000, 980, 1000, 1000, 1000, 1000, 1000, 1000, 1000, 1000, 1000, 1000, 1000, 1000, 1000, 1000, 1000, 1000, 1000, 1000, 1000, 1000, 1000, 1000, 1000, 1000, 1000, 1000, 1000, 1000, 1000, 1000, 978, 820, 1000, 1000, 1000, 1000, 1000, 1000, 1000, 1000, 1000, 1000, 1000, 1000, 1000, 1000, 1000, 1000, 1000, 1000, 1000, 1000, 492, 1000, 1000, 1000, 1000, 1000, 1000, 1000, 1000, 1000, 1000, 1000, 1000, 1000, 1000],