{"initial_reset_timestamp": 1653049545.8066819, "timestamps": [1653049550.6096387, 1653049552.1481953, 1653049553.1985335], "episode_lengths": [59, 93, 63], "episode_rewards": [-455.0425400942353, -1117.346552552749, -612.6680901744919], "episode_types": ["t", "t", "t", "t", "t"]}