{"initial_reset_timestamp": 1653049545.4834197, "timestamps": [1653049547.112791, 1653049548.529563, 1653049550.5813012, 1653049552.148181, 1653049553.1985188], "episode_lengths": [67, 80, 59, 93, 63], "episode_rewards": [-201.51860185494928, -118.97337210246158, -455.0425400942353, -1117.346552552749, -612.6680901744919], "episode_types": ["t", "t", "t", "t", "t", "t", "t", "t", "t", "t", "t", "t", "t", "t", "t"]}