{"initial_reset_timestamp": 1653582184.5021024, "timestamps": [1653582189.2495084, 1653582190.6389256, 1653582192.088938], "episode_lengths": [59, 84, 87], "episode_rewards": [-508.0746346477505, -468.21235900757654, -128.63156671746233], "episode_types": ["t", "t", "t", "t", "t"]}