{"initial_reset_timestamp": 1653582184.1739671, "timestamps": [1653582185.8020914, 1653582187.2200277, 1653582189.221473, 1653582190.6389048, 1653582192.0889251], "episode_lengths": [67, 80, 59, 84, 87], "episode_rewards": [-201.51860185494928, -118.97337210246158, -508.0746346477505, -468.21235900757654, -128.63156671746233], "episode_types": ["t", "t", "t", "t", "t", "t", "t", "t", "t", "t", "t", "t", "t", "t", "t"]}