{"initial_reset_timestamp": 1653582873.8382409, "timestamps": [1653582875.4995584, 1653582876.9161365, 1653582878.9174075, 1653582880.4350893, 1653582881.5852695], "episode_lengths": [67, 80, 59, 90, 69], "episode_rewards": [-201.51860185494928, -118.97337210246158, -455.0425400942353, -300.0729293324457, -582.8292839037997], "episode_types": ["t", "t", "t", "t", "t", "t", "t", "t", "t", "t", "t", "t", "t", "t", "t"]}