{"initial_reset_timestamp": 1653582874.189778, "timestamps": [1653582878.9444084, 1653582880.4351015, 1653582881.5852833], "episode_lengths": [59, 90, 69], "episode_rewards": [-455.0425400942353, -300.0729293324457, -582.8292839037997], "episode_types": ["t", "t", "t", "t", "t"]}