{"initial_reset_timestamp": 1653899940.2077653, "timestamps": [1653899943.3889642, 1653899946.0486248, 1653899946.95237, 1653899948.1488395, 1653899949.2513332, 1653899950.345566, 1653899951.4341059, 1653899952.9333012, 1653899955.3616476, 1653899956.2998471], "episode_lengths": [72, 78, 52, 72, 65, 66, 65, 90, 72, 55], "episode_rewards": [-480.84488673788087, -818.1534628680714, -432.45596023967465, -484.0081618060102, -494.24211971858375, -608.9692291308634, -539.7637721471061, -1055.3275886096526, -476.9495978971561, -470.76305449953117], "episode_types": ["t", "t", "t", "t", "t", "t", "t", "t", "t", "t"]}