{"initial_reset_timestamp": 1653072611.858514, "timestamps": [1653072618.377993, 1653072620.049301, 1653072621.999454], "episode_lengths": [111, 101, 117], "episode_rewards": [-605.3693462910314, -710.3094656461082, -529.3993826587784], "episode_types": ["t", "t", "t", "t", "t"]}