{"initial_reset_timestamp": 1653072611.531844, "timestamps": [1653072613.1640084, 1653072614.597148, 1653072618.349323, 1653072620.0492854, 1653072621.9994407], "episode_lengths": [67, 80, 111, 101, 117], "episode_rewards": [-201.51860185494928, -118.97337210246158, -605.3693462910314, -710.3094656461082, -529.3993826587784], "episode_types": ["t", "t", "t", "t", "t", "t", "t", "t", "t", "t", "t", "t", "t", "t", "t"]}