{"initial_reset_timestamp": 1653582304.4317799, "timestamps": [1653582310.9203658, 1653582312.5933366, 1653582314.5434978], "episode_lengths": [111, 101, 117], "episode_rewards": [-605.3693462910314, -710.3094656461082, -529.3993826587784], "episode_types": ["t", "t", "t", "t", "t"]}