{"initial_reset_timestamp": 1653582304.0851977, "timestamps": [1653582305.7412078, 1653582307.1606143, 1653582310.8940172, 1653582312.5933247, 1653582314.5434852], "episode_lengths": [67, 80, 111, 101, 117], "episode_rewards": [-201.51860185494928, -118.97337210246158, -605.3693462910314, -710.3094656461082, -529.3993826587784], "episode_types": ["t", "t", "t", "t", "t", "t", "t", "t", "t", "t", "t", "t", "t", "t", "t"]}