{"initial_reset_timestamp": 1653580809.265508, "timestamps": [1653580810.9210286, 1653580812.3375885, 1653580816.6053452, 1653580817.8062334, 1653580821.4899418], "episode_lengths": [67, 80, 126, 71, 221], "episode_rewards": [-201.51860185494928, -118.97337210246158, -329.9081187657031, -398.92925995396456, -353.52617687661484], "episode_types": ["t", "t", "t", "t", "t", "t", "t", "t", "t", "t", "t", "t", "t", "t", "t"]}