{"initial_reset_timestamp": 1653580809.607153, "timestamps": [1653580816.6329856, 1653580817.8062475, 1653580821.489956], "episode_lengths": [126, 71, 221], "episode_rewards": [-329.9081187657031, -398.92925995396456, -353.52617687661484], "episode_types": ["t", "t", "t", "t", "t"]}