{"initial_reset_timestamp": 1652939212.0529077, "timestamps": [1652939544.9008963, 1652939546.3746545, 1652939549.4034517, 1652939551.152465, 1652939552.858875, 1652939554.473391, 1652939557.4054694, 1652939559.9582543, 1652939562.557146, 1652939565.0997593, 1652939568.3919117, 1652939571.2662544, 1652939572.9439647, 1652939574.440371, 1652939577.168021, 1652939580.3320022, 1652939586.6715539, 1652939588.2863038, 1652939596.0297384, 1652939602.815653, 1652939608.455453, 1652939614.5718048, 1652939618.5916054, 1652939622.242614, 1652939626.0774753, 1652939630.16415, 1652939633.1818564, 1652939636.869392, 1652939645.106761, 1652939649.1406586, 1652939659.4923484, 1652939677.242336, 1652939694.7872741, 1652939712.2881296, 1652939729.648416, 1652939746.7581766, 1652939764.172197, 1652939781.4863806, 1652939799.0932865, 1652939816.7527006, 1652939834.1935477, 1652939851.8236504, 1652939869.2989056, 1652939871.8086529, 1652939889.59862, 1652939907.0844069, 1652939909.5472972, 1652939911.3001027, 1652939913.7337296, 1652939916.1630018, 1652939927.9326313, 1652939945.3659952, 1652939948.3717015, 1652939965.6916208, 1652939972.1779854, 1652939974.3533309, 1652939991.85128, 1652939993.8907223, 1652939999.3067927, 1652940011.0342088, 1652940027.4499378, 1652940031.8868854, 1652940036.79905, 1652940039.2410388, 1652940041.3366854, 1652940046.535664, 1652940051.3022761, 1652940056.9138427, 1652940059.3278363, 1652940064.8631966, 1652940076.6729734, 1652940078.9881163, 1652940081.5407631, 1652940088.0506468, 1652940090.4286525, 1652940092.5820446, 1652940095.0116308, 1652940104.9141712, 1652940107.7643068, 1652940112.5343316, 1652940119.5473802, 1652940123.3346956, 1652940128.78337, 1652940132.5137057, 1652940137.1257567, 1652940141.0760164, 1652940143.3956378, 1652940146.95988, 1652940164.0803072, 1652940170.2202554, 1652940178.586435, 1652940184.6695476, 1652940191.831453, 1652940198.1502244, 1652940203.4743693, 1652940223.4334757, 1652940246.7764373, 1652940272.1451464, 1652940284.91676, 1652940307.7306921, 1652940333.7390654, 1652940345.250042, 1652940366.5502992, 1652940392.8014212, 1652940420.5241108, 1652940451.6394784, 1652940462.73794, 1652940491.663149, 1652940520.0645132, 1652940535.936173, 1652940557.4836802, 1652940595.0391881, 1652940605.2095156, 1652940615.631931, 1652940625.6310077, 1652940646.1706378, 1652940654.639398, 1652940664.909468, 1652940672.1577582, 1652940681.2384112, 1652940696.6460848, 1652940709.0025034, 1652940712.7887828, 1652940719.8653224, 1652940724.784418, 1652940745.4969091, 1652940756.3139024, 1652940768.3834448, 1652940778.6695979, 1652940786.7954495, 1652940794.3427205, 1652940805.3743715, 1652940812.0794256, 1652940820.612333, 1652940834.0036013, 1652940842.9302433, 1652940851.8698483, 1652940861.3586657, 1652940874.9675035, 1652940894.1874251, 1652940911.4811113, 1652940920.2145114, 1652940929.0974674, 1652940947.9522486, 1652940989.6247509, 1652941001.857818, 1652941011.4621983, 1652941029.439543, 1652941043.647932, 1652941056.1218693, 1652941067.624616, 1652941087.3401604, 1652941126.9080539, 1652941143.0773783, 1652941161.455957, 1652941181.7923276, 1652941193.2364898, 1652941203.774106, 1652941215.5563047, 1652941259.0157802, 1652941273.8217068, 1652941286.758096, 1652941306.9361029, 1652941337.3473368, 1652941351.3229315, 1652941386.7080011, 1652941394.1274192, 1652941408.3565917, 1652941420.2212846, 1652941431.4829519, 1652941445.5725763, 1652941454.6024852, 1652941469.5383377, 1652941487.9079118, 1652941503.1516378, 1652941514.052554, 1652941522.5364583, 1652941534.089062, 1652941560.5282643, 1652941569.307916, 1652941581.8262732, 1652941593.7837653, 1652941604.602568, 1652941615.6124384, 1652941622.1278176, 1652941627.6168852, 1652941638.6515217, 1652941649.3990731, 1652941661.3018284, 1652941670.5258486, 1652941679.6639903, 1652941687.2251725, 1652941692.6973069, 1652941697.1804178, 1652941703.3445456, 1652941715.1978066, 1652941723.7596314, 1652941731.4645758, 1652941739.932036, 1652941746.9934852, 1652941751.6990247, 1652941756.6757855, 1652941762.902274, 1652941769.4805117, 1652941774.793399, 1652941781.9406438, 1652941788.9381845, 1652941793.2950373, 1652941799.8786545, 1652941805.6596322, 1652941825.242678, 1652941834.0950181, 1652941847.1524622, 1652941863.1520987, 1652941872.6030715, 1652941882.4893584, 1652941893.7553535, 1652941901.7506816, 1652941907.2258875, 1652941914.7953224, 1652941925.3454401, 1652941930.2256625, 1652941938.1425812, 1652941945.181781, 1652941949.684827, 1652941954.1435397, 1652941959.3429284, 1652941963.7399538, 1652941979.241567, 1652941988.817858, 1652941992.6512911, 1652941999.512469, 1652942004.5388572, 1652942013.2214947, 1652942017.6099942, 1652942022.582904, 1652942036.331854, 1652942054.8755221, 1652942067.4212482, 1652942078.8292828, 1652942091.3419592, 1652942099.6924844, 1652942106.8882253, 1652942114.974721, 1652942125.7968726, 1652942131.369991, 1652942136.6620533, 1652942155.1316495, 1652942163.1754518, 1652942181.5558763, 1652942200.2198896, 1652942213.2540438, 1652942227.2636817, 1652942233.612812, 1652942252.6483226, 1652942271.5795147, 1652942290.3815749, 1652942296.8064065, 1652942315.2098842, 1652942320.6052294, 1652942339.2691882, 1652942357.8129582, 1652942376.3155274, 1652942395.157085, 1652942413.737945, 1652942432.0764377, 1652942450.9777029, 1652942469.1193979, 1652942487.5792296, 1652942506.5240262, 1652942525.292012, 1652942544.3315766, 1652942562.8321426, 1652942581.408532, 1652942599.8270993, 1652942618.252144, 1652942637.1024315, 1652942655.0897198, 1652942673.8047695, 1652942692.0658803, 1652942710.256314, 1652942728.7754421, 1652942734.0116146, 1652942739.340019, 1652942741.9355152, 1652942760.63454, 1652942766.26544, 1652942768.8358781, 1652942774.7106504, 1652942778.79786, 1652942782.3970764, 1652942784.562976, 1652942788.386835, 1652942793.0762599, 1652942796.8451536, 1652942799.268354, 1652942802.9675815, 1652942806.168633, 1652942810.2666128, 1652942813.261928], "episode_lengths": [121, 84, 177, 100, 101, 91, 168, 147, 154, 150, 193, 164, 97, 87, 156, 184, 182, 96, 442, 395, 333, 353, 236, 214, 220, 237, 174, 205, 470, 226, 587, 1000, 1000, 1000, 1000, 1000, 1000, 1000, 1000, 1000, 1000, 1000, 1000, 136, 1000, 1000, 135, 97, 134, 137, 659, 1000, 168, 1000, 361, 125, 1000, 112, 305, 648, 920, 255, 276, 132, 120, 286, 270, 304, 129, 313, 672, 129, 131, 359, 130, 116, 133, 557, 159, 263, 403, 218, 307, 214, 251, 220, 133, 205, 960, 342, 467, 337, 370, 338, 290, 1000, 1000, 1000, 702, 1000, 1000, 443, 775, 1000, 1000, 1000, 359, 1000, 1000, 437, 545, 1000, 304, 311, 264, 582, 257, 267, 215, 272, 381, 269, 213, 376, 255, 843, 277, 351, 298, 228, 209, 310, 187, 229, 371, 242, 256, 244, 308, 360, 440, 231, 229, 265, 1000, 300, 210, 432, 331, 302, 285, 486, 933, 366, 420, 466, 272, 258, 278, 996, 352, 307, 441, 682, 320, 829, 166, 328, 267, 243, 310, 201, 335, 374, 360, 258, 204, 282, 609, 213, 268, 223, 221, 318, 278, 184, 245, 258, 261, 269, 418, 327, 249, 209, 295, 517, 354, 319, 265, 221, 184, 215, 282, 308, 247, 310, 313, 211, 306, 255, 461, 215, 321, 385, 223, 229, 287, 333, 292, 364, 482, 261, 390, 345, 240, 236, 287, 234, 808, 492, 217, 370, 267, 442, 215, 265, 731, 993, 696, 622, 673, 457, 392, 420, 590, 301, 284, 991, 433, 1000, 1000, 706, 742, 341, 1000, 1000, 1000, 343, 1000, 291, 1000, 1000, 1000, 1000, 1000, 1000, 1000, 1000, 1000, 1000, 1000, 1000, 1000, 1000, 1000, 1000, 1000, 1000, 1000, 1000, 1000, 1000, 287, 291, 132, 1000, 305, 145, 252, 237, 211, 121, 230, 277, 222, 145, 222, 190, 239, 169],