{"initial_reset_timestamp": 1653574233.0176344, "timestamps": [1653574234.6694021, 1653574236.8694496], "episode_lengths": [67, 80], "episode_rewards": [-201.51860185494928, -118.97337210246158], "episode_types": ["t", "t", "t", "t", "t", "t", "t", "t", "t"]}