{"initial_reset_timestamp": 1653584265.7384021, "timestamps": [1653584267.4195354, 1653584268.8529878, 1653584271.3199463, 1653584272.9540768, 1653584274.3549829, 1653584276.3544776, 1653584278.2542882, 1653584279.521225, 1653584280.7880714, 1653584282.4548213, 1653584283.8043802, 1653584285.229463, 1653584287.0784771, 1653584288.4787133, 1653584290.0128024, 1653584291.6616247, 1653584293.328571, 1653584294.6955752, 1653584295.9469104, 1653584297.947228, 1653584299.0792189, 1653584300.8974385, 1653584302.5808527, 1653584303.629953, 1653584305.1959956, 1653584306.2635548, 1653584308.0794547, 1653584311.346819, 1653584312.846601, 1653584313.847952, 1653584315.365061, 1653584316.7308202, 1653584318.264857, 1653584319.6971722, 1653584321.0810719, 1653584322.3464324, 1653584323.547757, 1653584324.9809604, 1653584327.2981603, 1653584328.614854, 1653584330.4985588, 1653584333.7595596, 1653584335.7987378, 1653584337.4816203, 1653584338.6487355, 1653584339.679614, 1653584341.1161323, 1653584342.4822414, 1653584343.9009554, 1653584345.1664028], "episode_lengths": [67, 80, 74, 97, 84, 120, 114, 76, 72, 99, 81, 82, 111, 84, 92, 99, 100, 82, 75, 120, 68, 107, 101, 63, 94, 64, 109, 95, 89, 60, 91, 82, 92, 86, 83, 76, 72, 86, 139, 79, 113, 97, 120, 101, 70, 62, 86, 82, 85, 76], "episode_rewards": [-201.51860185494928, -118.97337210246158, -112.39400793778736, -76.93933190154851, -84.25109353548152, -123.6597862257357, -74.63659273977703, -82.87218087822393, -72.19548141184737, -215.7303015891185, -85.51384845361838, -277.21350995963434, -232.8559753900485, -395.2822531321022, -150.4698137220623, -506.3142590645932, -215.9443878895208, -95.11217003919063, -114.90696752742022, -104.31243297546791, -90.33054322794135, -117.78096712734543, -393.92541209902083, -149.9460816009688, -184.55721292634013, -73.2011956927146, -255.6672079347603, -326.85220698580844, -208.37408940693467, -123.88088055558066, -98.85935038257415, -152.53633295155686, -196.26781813867473, -89.05985574287237, -176.88340032922304, -129.81075387428695, -5.216878463631787, 2.995423589538632, -335.4541145459742, -162.8152799130133, -92.62594741260568, -289.9267664120894, -111.39827895509279, -87.12192663578358, -129.33867157463536, -163.53248855556035, -187.8624068222926, -90.41722146259039, -109.71062368339344, -175.98959501081293], "episode_types": ["t", "t", "t", "t", "t", "t", "t", "t", "t", "t", "t", "t", "t", "t", "t", "t", "t", "t", "t", "t", "t", "t", "t", "t", "t", "t", "t", "t", "t", "t", "t", "t", "t", "t", "t", "t", "t", "t", "t", "t", "t", "t", "t", "t", "t", "t", "t", "t", "t", "t", "t", "t", "t", "t", "t", "t", "t", "t", "t", "t", "t", "t", "t", "t", "t", "t", "t", "t", "t", "t", "t", "t", "t", "t", "t", "t", "t", "t", "t", "t", "t", "t", "t", "t", "t", "t", "t", "t", "t", "t", "t", "t", "t", "t", "t", "t", "t", "t", "t", "t", "t", "t", "t", "t", "t", "t", "t", "t", "t", "t", "t", "t", "t", "t", "t", "t", "t", "t", "t", "t", "t", "t", "t", "t", "t", "t", "t", "t", "t", "t", "t", "t", "t", "t", "t", "t", "t", "t", "t", "t", "t", "t", "t", "t", "t", "t", "t", "t", "t", "t"]}