{"initial_reset_timestamp": 1653584266.101954, "timestamps": [1653584299.079232, 1653584300.8974547, 1653584302.5808675, 1653584303.6299672, 1653584305.1960166, 1653584306.26357, 1653584308.0794678, 1653584311.3468351, 1653584312.8466127, 1653584313.8479724, 1653584315.3650763, 1653584316.730834, 1653584318.2648768, 1653584319.697186, 1653584321.0810862, 1653584322.3464422, 1653584323.547772, 1653584324.9809747, 1653584327.2981753, 1653584328.6148682, 1653584330.4985726, 1653584333.7790642, 1653584335.7987518, 1653584337.4816346, 1653584338.6487513, 1653584339.679626, 1653584341.1161478, 1653584342.4822543, 1653584343.900971, 1653584345.166417], "episode_lengths": [68, 107, 101, 63, 94, 64, 109, 95, 89, 60, 91, 82, 92, 86, 83, 76, 72, 86, 139, 79, 113, 97, 120, 101, 70, 62, 86, 82, 85, 76], "episode_rewards": [-90.33054322794135, -117.78096712734543, -393.92541209902083, -149.9460816009688, -184.55721292634013, -73.2011956927146, -255.6672079347603, -326.85220698580844, -208.37408940693467, -123.88088055558066, -98.85935038257415, -152.53633295155686, -196.26781813867473, -89.05985574287237, -176.88340032922304, -129.81075387428695, -5.216878463631787, 2.995423589538632, -335.4541145459742, -162.8152799130133, -92.62594741260568, -289.9267664120894, -111.39827895509279, -87.12192663578358, -129.33867157463536, -163.53248855556035, -187.8624068222926, -90.41722146259039, -109.71062368339344, -175.98959501081293], "episode_types": ["t", "t", "t", "t", "t", "t", "t", "t", "t", "t", "t", "t", "t", "t", "t", "t", "t", "t", "t", "t", "t", "t", "t", "t", "t", "t", "t", "t", "t", "t", "t", "t", "t", "t", "t", "t", "t", "t", "t", "t", "t", "t", "t", "t", "t", "t", "t", "t", "t", "t"]}