{"initial_reset_timestamp": 1653050051.9839392, "timestamps": [1653050053.6049154, 1653050055.0224745, 1653050057.1227498, 1653050058.9069734, 1653050060.358144], "episode_lengths": [67, 80, 62, 106, 87], "episode_rewards": [-201.51860185494928, -118.97337210246158, -130.4959938198993, -769.5671434895982, -414.1681107327014], "episode_types": ["t", "t", "t", "t", "t", "t", "t", "t", "t", "t", "t", "t", "t", "t", "t"]}