{"initial_reset_timestamp": 1653050052.314812, "timestamps": [1653050057.1500027, 1653050058.906986, 1653050060.3581576], "episode_lengths": [62, 106, 87], "episode_rewards": [-130.4959938198993, -769.5671434895982, -414.1681107327014], "episode_types": ["t", "t", "t", "t", "t"]}