{"initial_reset_timestamp": 1653047555.7942805, "timestamps": [1653047557.4294388, 1653047558.8624423, 1653047562.5815864, 1653047564.2813933, 1653047566.2312403], "episode_lengths": [67, 80, 111, 101, 117], "episode_rewards": [-201.51860185494928, -118.97337210246158, -605.3693462910314, -710.3094656461082, -529.3993826587784], "episode_types": ["t", "t", "t", "t", "t", "t", "t", "t", "t", "t", "t", "t", "t", "t", "t"]}