{"initial_reset_timestamp": 1653047556.127027, "timestamps": [1653047562.6095495, 1653047564.2814288, 1653047566.2312534], "episode_lengths": [111, 101, 117], "episode_rewards": [-605.3693462910314, -710.3094656461082, -529.3993826587784], "episode_types": ["t", "t", "t", "t", "t"]}