{"initial_reset_timestamp": 1653580697.6643457, "timestamps": [1653580702.482708, 1653580703.8013961, 1653580705.0513525], "episode_lengths": [60, 80, 75], "episode_rewards": [-458.1256214494168, -434.3629402090364, -392.42256590688066], "episode_types": ["t", "t", "t", "t", "t"]}