{"initial_reset_timestamp": 1653580697.3076055, "timestamps": [1653580698.9657886, 1653580700.4159057, 1653580702.4534845, 1653580703.8013833, 1653580705.0513308], "episode_lengths": [67, 80, 60, 80, 75], "episode_rewards": [-201.51860185494928, -118.97337210246158, -458.1256214494168, -434.3629402090364, -392.42256590688066], "episode_types": ["t", "t", "t", "t", "t", "t", "t", "t", "t", "t", "t", "t", "t", "t", "t"]}