{"initial_reset_timestamp": 1653056124.2901511, "timestamps": [1653056125.9121475, 1653056127.328976, 1653056133.7483685, 1653056135.164342, 1653056136.7484374], "episode_lengths": [67, 80, 190, 84, 95], "episode_rewards": [-201.51860185494928, -118.97337210246158, -599.9272109576546, -557.8799792192698, -578.1739172038195], "episode_types": ["t", "t", "t", "t", "t", "t", "t", "t", "t", "t", "t", "t", "t", "t", "t"]}