{"initial_reset_timestamp": 1653056124.6135828, "timestamps": [1653056133.7755172, 1653056135.1643548, 1653056136.7484508], "episode_lengths": [190, 84, 95], "episode_rewards": [-599.9272109576546, -557.8799792192698, -578.1739172038195], "episode_types": ["t", "t", "t", "t", "t"]}