{"initial_reset_timestamp": 1653073135.6231785, "timestamps": [1653073168.2397351, 1653073169.6406786, 1653073170.8362038, 1653073172.240136, 1653073174.1530879, 1653073176.3067183, 1653073179.0342305, 1653073185.9992774, 1653073188.557321, 1653073190.9835105, 1653073193.0921216, 1653073194.905068, 1653073196.5215266, 1653073198.8416102, 1653073200.5687087, 1653073202.6251392, 1653073204.8732839, 1653073206.0227554, 1653073207.2759726, 1653073209.1025372, 1653073211.13435, 1653073214.2640712, 1653073216.021196, 1653073217.6406157, 1653073220.1887662, 1653073221.5360043, 1653073223.1539495, 1653073225.2399304, 1653073226.3399408, 1653073227.853784], "episode_lengths": [56, 81, 72, 84, 115, 129, 164, 206, 151, 146, 126, 109, 97, 139, 104, 123, 135, 69, 75, 110, 122, 92, 106, 97, 153, 81, 97, 125, 66, 91], "episode_rewards": [-412.667868135471, -743.0447478757558, -467.20357450527683, -935.323213520454, -804.878945177904, -790.7864621409739, -633.7983343745528, -1368.5628463427845, -1008.4953568870079, -971.578207171812, -958.905868783551, -820.491467867488, -810.5690000183815, -756.1190831798541, -775.0320445915977, -543.767388977621, -700.6487692735673, -658.6862058477495, -663.0666291145212, -629.9512741131686, -625.5323469856219, -643.9241283125991, -589.294187894765, -578.1539918317254, -264.4366261106393, -449.6075689372008, -255.02776137981428, -264.6792873210071, -249.37295387801862, -273.79613790918694], "episode_types": ["t", "t", "t", "t", "t", "t", "t", "t", "t", "t", "t", "t", "t", "t", "t", "t", "t", "t", "t", "t", "t", "t", "t", "t", "t", "t", "t", "t", "t", "t", "t", "t", "t", "t", "t", "t", "t", "t", "t", "t", "t", "t", "t", "t", "t", "t", "t", "t", "t", "t"]}