{"initial_reset_timestamp": 1653073135.2463982, "timestamps": [1653073136.9586525, 1653073138.4448323, 1653073140.9607005, 1653073142.5954535, 1653073143.9959204, 1653073145.9952958, 1653073147.8958623, 1653073149.1627264, 1653073150.4619591, 1653073152.1462996, 1653073153.2638683, 1653073155.1368504, 1653073157.0548553, 1653073158.4531276, 1653073160.0154269, 1653073161.6215298, 1653073163.400334, 1653073164.9719403, 1653073166.1882174, 1653073167.302066, 1653073168.2397196, 1653073169.6406567, 1653073170.836188, 1653073172.2401218, 1653073174.153076, 1653073176.3066936, 1653073179.0342216, 1653073185.9992707, 1653073188.5573044, 1653073190.9835033, 1653073193.0921052, 1653073194.9050562, 1653073196.521514, 1653073198.8415985, 1653073200.5687, 1653073202.6251225, 1653073204.8732696, 1653073206.022743, 1653073207.2759576, 1653073209.1025288, 1653073211.134343, 1653073214.2457628, 1653073216.0211868, 1653073217.6406, 1653073220.1887562, 1653073221.5359943, 1653073223.1539412, 1653073225.239918, 1653073226.339929, 1653073227.8537743], "episode_lengths": [67, 80, 74, 97, 84, 120, 114, 76, 72, 100, 67, 99, 115, 84, 94, 96, 107, 94, 73, 67, 56, 81, 72, 84, 115, 129, 164, 206, 151, 146, 126, 109, 97, 139, 104, 123, 135, 69, 75, 110, 122, 92, 106, 97, 153, 81, 97, 125, 66, 91], "episode_rewards": [-201.51860185494928, -118.97337210246158, -112.39400793778736, -76.93933190154851, -84.25109353548152, -123.6597862257357, -74.63659273977703, -82.87218087822393, -72.20163529512593, -137.8528062746759, -62.24257640198391, -298.88150861097176, -228.33242713199348, -374.8774463740751, -122.6876215930375, -450.15023215745833, -12.635753519720993, -295.3670860510492, -111.73150143639509, -145.64147771934154, -412.667868135471, -743.0447478757558, -467.20357450527683, -935.323213520454, -804.878945177904, -790.7864621409739, -633.7983343745528, -1368.5628463427845, -1008.4953568870079, -971.578207171812, -958.905868783551, -820.491467867488, -810.5690000183815, -756.1190831798541, -775.0320445915977, -543.767388977621, -700.6487692735673, -658.6862058477495, -663.0666291145212, -629.9512741131686, -625.5323469856219, -643.9241283125991, -589.294187894765, -578.1539918317254, -264.4366261106393, -449.6075689372008, -255.02776137981428, -264.6792873210071, -249.37295387801862, -273.79613790918694], "episode_types": ["t", "t", "t", "t", "t", "t", "t", "t", "t", "t", "t", "t", "t", "t", "t", "t", "t", "t", "t", "t", "t", "t", "t", "t", "t", "t", "t", "t", "t", "t", "t", "t", "t", "t", "t", "t", "t", "t", "t", "t", "t", "t", "t", "t", "t", "t", "t", "t", "t", "t", "t", "t", "t", "t", "t", "t", "t", "t", "t", "t", "t", "t", "t", "t", "t", "t", "t", "t", "t", "t", "t", "t", "t", "t", "t", "t", "t", "t", "t", "t", "t", "t", "t", "t", "t", "t", "t", "t", "t", "t", "t", "t", "t", "t", "t", "t", "t", "t", "t", "t", "t", "t", "t", "t", "t", "t", "t", "t", "t", "t", "t", "t", "t", "t", "t", "t", "t", "t", "t", "t", "t", "t", "t", "t", "t", "t", "t", "t", "t", "t", "t", "t", "t", "t", "t", "t", "t", "t", "t", "t", "t", "t", "t", "t", "t", "t", "t", "t", "t", "t"]}