{"initial_reset_timestamp": 1653582743.2834105, "timestamps": [1653582749.8071933, 1653582751.4789603, 1653582752.3124368], "episode_lengths": [111, 101, 50], "episode_rewards": [-605.3693462910314, -710.3094656461082, -387.7213637062945], "episode_types": ["t", "t", "t", "t", "t"]}