{"initial_reset_timestamp": 1653582742.9401815, "timestamps": [1653582744.5934289, 1653582746.0266328, 1653582749.777851, 1653582751.4789474, 1653582752.312423], "episode_lengths": [67, 80, 111, 101, 50], "episode_rewards": [-201.51860185494928, -118.97337210246158, -605.3693462910314, -710.3094656461082, -387.7213637062945], "episode_types": ["t", "t", "t", "t", "t", "t", "t", "t", "t", "t", "t", "t", "t", "t", "t"]}