{"initial_reset_timestamp": 1653056197.800399, "timestamps": [1653056205.2643387, 1653056207.401698, 1653056209.3682516], "episode_lengths": [140, 129, 118], "episode_rewards": [-293.10432474314723, -521.6047280883186, -485.212502929698], "episode_types": ["t", "t", "t", "t", "t"]}