{"initial_reset_timestamp": 1653056197.4363337, "timestamps": [1653056199.0976388, 1653056200.5325646, 1653056205.234735, 1653056207.401686, 1653056209.3682394], "episode_lengths": [67, 80, 140, 129, 118], "episode_rewards": [-201.51860185494928, -118.97337210246158, -293.10432474314723, -521.6047280883186, -485.212502929698], "episode_types": ["t", "t", "t", "t", "t", "t", "t", "t", "t", "t", "t", "t", "t", "t", "t"]}