{"initial_reset_timestamp": 1653574266.080419, "timestamps": [1653574267.7174916, 1653574269.1505501], "episode_lengths": [67, 80], "episode_rewards": [-201.51860185494928, -118.97337210246158], "episode_types": ["t", "t", "t", "t", "t", "t", "t", "t", "t"]}