{"initial_reset_timestamp": 1653902714.394965, "timestamps": [1653902716.3897111, 1653902718.0135143, 1653902720.869637], "episode_lengths": [67, 80, 74], "episode_rewards": [-211.51860185494928, -128.97337210246158, -122.39400793778736], "episode_types": ["t", "t", "t", "t", "t", "t", "t", "t", "t", "t", "t", "t"]}