{"initial_reset_timestamp": 1652720529.1287668, "timestamps": [1652720872.6146443, 1652720876.331881, 1652720881.7964444, 1652720884.4961472, 1652720888.1132517, 1652720904.7810862, 1652720921.4486058, 1652720938.123588, 1652720954.78356, 1652720971.4503918, 1652720988.1175785, 1652721004.785309, 1652721021.4529676, 1652721029.507311, 1652721031.3223429, 1652721047.9878845, 1652721081.4286878, 1652721098.1117074, 1652721114.7774699, 1652721131.4499226, 1652721148.109653, 1652721163.0091949, 1652721179.6859896, 1652721195.186693, 1652721211.8444548, 1652721227.9696934, 1652721244.6303966, 1652721261.04775, 1652721277.7174127, 1652721294.389712, 1652721305.4985073, 1652721322.1724377, 1652721336.949498, 1652721353.6224859, 1652721368.7889612, 1652721381.1190307, 1652721389.3759072, 1652721394.3575158, 1652721398.2629514, 1652721414.3887048, 1652721419.1033764, 1652721435.7706153, 1652721441.280991, 1652721456.4968674, 1652721472.0246787, 1652721485.176576, 1652721489.8819568, 1652721501.6918519, 1652721503.7599716, 1652721520.4246318, 1652721523.246977, 1652721533.9832828, 1652721540.6314414, 1652721547.132124, 1652721747.7613273, 1652722123.7610047, 1652722182.8305602, 1652722188.9002986, 1652722192.9266937, 1652722206.4650037, 1652722210.2112534, 1652722218.3767798, 1652722221.5834234, 1652722225.5047624, 1652722227.7971117, 1652722231.2826285, 1652722235.2382436, 1652722239.5277905, 1652722246.4777327, 1652722250.5455968, 1652722259.4378796, 1652722264.6128838, 1652722268.4081516, 1652722271.9798613, 1652722275.3305442, 1652722280.3505642, 1652722284.330122, 1652722293.8646047, 1652722297.1224165, 1652722302.1978297, 1652722306.359714, 1652722310.0653799, 1652722314.898511, 1652722319.716491, 1652722325.3277364, 1652722327.8724856, 1652722330.4323843, 1652722333.3222451, 1652722338.7663946, 1652722349.3298664, 1652722351.6513176, 1652722360.8354208, 1652722364.2367024, 1652722368.5219939, 1652722373.2849576, 1652722375.6880825, 1652722379.202681, 1652722388.7020276, 1652722391.9875803, 1652722396.9929101, 1652722399.319251, 1652722403.238092, 1652722408.3235056, 1652722411.9859917, 1652722418.5217488, 1652722421.3890402, 1652722424.2870212, 1652722429.893837, 1652722434.0724688, 1652722436.5136442, 1652722442.3497193, 1652722447.060988, 1652722451.5879884, 1652722460.5765839, 1652722466.0764449, 1652722470.8092546, 1652722476.3225133, 1652722480.2506356, 1652722485.0671444, 1652722494.6133802, 1652722498.733631, 1652722501.2901456, 1652722506.0765555, 1652722510.8414104, 1652722520.1422942, 1652722523.884362, 1652722528.583118, 1652722533.6588533, 1652722542.8759928, 1652722547.5603578, 1652722553.2432244, 1652722559.277093, 1652722566.8794243, 1652722571.8954892, 1652722575.5768733, 1652722585.279081, 1652722590.0407653, 1652722595.1446443, 1652722599.7286494, 1652722607.829199, 1652722616.729213, 1652722628.0630744, 1652722633.9800293, 1652722640.9471903, 1652722651.630723, 1652722658.700772, 1652722670.6147606, 1652722686.3500984, 1652722695.1257343, 1652722703.6833818, 1652722708.8678057, 1652722714.8518696, 1652722729.9081526, 1652722738.7351873, 1652722753.535996, 1652722759.8531559, 1652722775.7707024, 1652722792.4376214, 1652722798.7127497, 1652722804.998747, 1652722815.072844, 1652722821.9560366, 1652722833.6593728, 1652722839.4765682, 1652722845.5798311, 1652722850.3320162, 1652722853.6408691, 1652722860.358559, 1652722867.8253536, 1652722875.5611076, 1652722880.1252158, 1652722882.802083, 1652722887.2279441, 1652722902.1599414, 1652722910.3144007, 1652722916.2459297, 1652722921.4840531, 1652722929.2382708, 1652722933.7460828, 1652722941.8333292, 1652722948.028426, 1652722953.4123995, 1652722957.6273983, 1652722963.9799044, 1652722974.108743, 1652722984.7139366, 1652722991.3144941, 1652723000.1348948, 1652723007.2678277, 1652723013.498622, 1652723030.1675236, 1652723040.4340081, 1652723055.4502609, 1652723072.1181924, 1652723088.7864187, 1652723105.4532619, 1652723122.1325562, 1652723138.7908926, 1652723155.4656153, 1652723172.1230094, 1652723188.8086138, 1652723205.4651768, 1652723222.1251042, 1652723238.7927458, 1652723255.459784, 1652723272.1271784, 1652723288.7952676, 1652723305.4630694, 1652723322.129934, 1652723338.7968972, 1652723355.4647183, 1652723372.1419044, 1652724062.7637331, 1652724996.912078, 1652725013.564088, 1652725030.2324402, 1652725046.918088, 1652725063.583293, 1652725080.251887, 1652725096.919151, 1652725113.5870922, 1652725130.2536807, 1652725146.9216793, 1652725163.6019778, 1652725180.2683492, 1652725196.9424775, 1652725213.6016338, 1652725230.281055, 1652725246.9480758, 1652725263.6042511, 1652725280.2779503, 1652725296.937595, 1652725313.6059642, 1652725330.274949, 1652725346.9489913, 1652725363.611892, 1652725380.351385, 1652725397.0184903, 1652725413.6681552, 1652725430.3388045, 1652725447.0137868, 1652725463.6731303, 1652725480.3510737, 1652725497.0094428, 1652725513.6857853, 1652725530.3458781, 1652725547.0244281, 1652725563.7028043, 1652725580.3851533, 1652725597.0534713, 1652725613.7365801, 1652725630.394833, 1652725647.0656555, 1652725663.744208, 1652725680.4071028, 1652725697.1026573, 1652725713.764085, 1652725730.4318395, 1652725747.1497898, 1652725763.8176312, 1652725780.5185745, 1652725797.1867473, 1652725813.8574817, 1652725830.5455134, 1652725847.2132635, 1652725863.859473, 1652725880.5272071, 1652725897.194997, 1652725913.871408, 1652725930.5434015, 1652725947.209023, 1652726394.7668185, 1652727394.7681513, 1652728394.7672904, 1652729394.766599, 1652730394.767861, 1652731394.7654524, 1652732394.7664754, 1652733394.7795393, 1652734394.7672813, 1652735394.767322, 1652736394.7678387, 1652737394.7670934, 1652738394.7678087, 1652739394.769107, 1652740394.7681446, 1652741394.7669442, 1652742394.7684565, 1652743394.7683973, 1652744394.768981, 1652745394.7693148, 1652746394.7686899, 1652747394.7688777, 1652748394.7677777, 1652749394.7680345, 1652749574.7686903, 1652750574.7675424, 1652751106.7493448, 1652751123.4188514, 1652751812.7685888], "episode_lengths": [114, 223, 328, 162, 217, 1000, 1000, 1000, 1000, 1000, 1000, 1000, 1000, 483, 109, 1000, 1000, 1000, 1000, 1000, 1000, 894, 1000, 930, 1000, 967, 1000, 985, 1000, 1000, 667, 1000, 887, 1000, 910, 740, 495, 299, 234, 968, 283, 1000, 330, 909, 932, 789, 282, 709, 124, 1000, 169, 644, 399, 390, 313, 376, 298, 364, 242, 812, 225, 490, 192, 235, 138, 209, 237, 258, 417, 244, 526, 307, 227, 214, 201, 297, 239, 569, 195, 299, 248, 223, 290, 289, 335, 153, 152, 173, 327, 632, 140, 544, 205, 255, 283, 144, 207, 570, 193, 300, 140, 230, 298, 220, 387, 172, 174, 336, 251, 146, 350, 283, 272, 538, 330, 284, 331, 235, 289, 573, 247, 154, 287, 286, 558, 224, 282, 305, 553, 281, 341, 362, 456, 296, 221, 582, 285, 307, 275, 486, 534, 680, 355, 206, 639, 424, 715, 944, 526, 514, 311, 359, 903, 530, 888, 379, 955, 1000, 376, 377, 605, 413, 702, 349, 365, 286, 199, 403, 448, 464, 274, 160, 266, 895, 489, 356, 314, 465, 271, 485, 372, 323, 252, 382, 607, 637, 396, 529, 428, 374, 1000, 616, 901, 1000, 1000, 1000, 1000, 1000, 1000, 1000, 1000, 1000, 1000, 1000, 1000, 1000, 1000, 1000, 1000, 1000, 1000, 1000, 1000, 1000, 1000, 1000, 1000, 1000, 1000, 1000, 1000, 1000, 1000, 1000, 1000, 1000, 1000, 1000, 1000, 1000, 1000, 1000, 1000, 1000, 1000, 1000, 1000, 1000, 1000, 1000, 1000, 1000, 1000, 1000, 1000, 1000, 1000, 1000, 1000, 1000, 1000, 1000, 1000, 1000, 1000, 1000, 1000, 1000, 1000, 1000, 1000, 1000, 1000, 1000, 1000, 1000, 1000, 1000, 1000, 1000, 1000, 1000, 1000, 1000, 1000, 1000, 1000, 1000, 1000, 1000, 1000, 1000, 1000, 1000, 1000, 1000, 1000, 1000, 1000, 1000, 1000, 1000, 1000, 1000, 1000, 1000, 1000, 1000, 1000, 1000],